player_team_id,team_id,player_id
1,1,5
2,2,10
3,3,3
4,4,1
5,5,5
6,6,10
7,7,3
8,8,1
9,9,5
10,10,10
11,11,3
12,12,1
13,13,5
14,14,10
15,15,3
16,16,1
17,17,4
18,17,10
19,18,8
20,18,3
21,19,7
22,19,13
23,20,6
24,20,5
25,21,4
26,21,10
27,22,8
28,22,3
29,23,7
30,23,13
31,24,6
32,24,5
33,25,1
34,26,5
35,26,3
36,27,10
37,27,13
38,28,8
39,28,6
40,29,1
41,30,5
42,30,3
43,31,10
44,31,13
45,32,8
46,32,6
47,33,1
48,34,5
49,34,3
50,35,10
51,35,13
52,36,8
53,36,6
54,37,6
55,37,5
56,38,12
57,38,10
58,39,3
59,39,4
60,40,1
61,41,6
62,41,5
63,42,12
64,42,10
65,43,3
66,44,1
67,45,3
68,46,4
69,47,13
70,47,16
71,48,8
72,48,12
73,49,3
74,50,4
75,51,13
76,51,16
77,52,8
78,52,12
79,53,5
80,54,10
81,55,1
82,56,6
83,57,5
84,58,10
85,59,1
86,60,6
87,61,5
88,61,7
89,62,1
90,63,12
91,63,13
92,64,4
93,64,10
94,65,1
95,66,10
96,66,4
97,67,12
98,67,13
99,68,5
100,68,7
101,69,3
102,69,13
103,70,4
104,71,1
105,72,8
106,72,6
107,73,3
108,73,13
109,74,4
110,75,1
111,76,8
112,76,6
113,77,3
114,77,13
115,78,4
116,79,1
117,80,8
118,80,6
119,81,3
120,82,8
121,83,6
122,84,1
123,84,10
124,85,3
125,86,8
126,87,6
127,88,1
128,88,10
129,89,3
130,90,8
131,91,6
132,92,1
133,92,10
134,93,3
135,94,8
136,95,6
137,96,1
138,96,10
139,97,6
140,98,5
141,98,10
142,99,7
143,100,8
144,101,6
145,102,10
146,103,5
147,104,8
148,105,6
149,106,10
150,107,5
151,108,8
152,109,6
153,110,10
154,111,5
155,112,8
156,113,6
157,113,8
158,114,10
159,115,4
160,115,5
161,116,12
162,117,6
163,117,8
164,118,10
165,119,4
166,119,5
167,120,12
168,121,6
169,122,8
170,123,4
171,123,5
172,124,12
173,125,10
174,125,8
175,126,6
176,126,1
177,127,4
178,127,5
179,128,3
180,128,13
181,129,10
182,129,8
183,130,6
184,130,1
185,131,4
186,131,5
187,132,3
188,132,13
189,133,6
190,134,8
191,135,12
192,136,1
193,137,6
194,138,8
195,139,12
196,140,1
197,141,3
198,141,8
199,142,1
200,142,6
201,143,4
202,143,17
203,144,5
204,144,10
205,145,8
206,146,6
207,147,1
208,148,5
209,148,10
210,149,8
211,150,6
212,151,1
213,152,5
214,152,10
215,153,8
216,154,6
217,155,1
218,156,5
219,156,10
220,157,10
221,158,1
222,159,18
223,160,5
224,161,10
225,162,1
226,163,18
227,164,5
228,165,10
229,166,1
230,167,18
231,168,5
232,169,10
233,170,1
234,171,18
235,172,5
236,173,8
237,173,3
238,174,5
239,175,10
240,175,13
241,176,1
242,176,4
243,177,8
244,177,3
245,178,5
246,179,10
247,179,13
248,180,1
249,180,4
250,181,8
251,182,1
252,183,10
253,184,5
254,185,6
255,186,4
256,187,5
257,188,8
258,189,8
259,190,5
260,191,10
261,192,1
262,193,8
263,194,5
264,195,10
265,196,1
266,197,8
267,198,5
268,199,10
269,200,1
270,201,8
271,202,5
272,203,10
273,204,1
274,205,4
275,206,5
276,207,3
277,208,10
278,209,4
279,210,5
280,210,12
281,211,3
282,212,10
283,213,4
284,214,5
285,215,3
286,216,10
287,217,4
288,218,5
289,219,3
290,220,10
291,221,12
292,222,10
293,223,13
294,224,5
295,225,12
296,226,10
297,227,13
298,228,5
299,229,12
300,230,10
301,231,13
302,232,5
303,233,12
304,234,10
305,235,13
306,236,5
307,237,12
308,238,10
309,238,6
310,239,13
311,240,5
312,241,12
313,242,10
314,242,6
315,243,13
316,244,5
317,245,12
318,246,10
319,246,6
320,247,13
321,247,8
322,248,5
323,249,6
324,250,8
325,251,5
326,251,10
327,252,12
328,253,6
329,254,8
330,255,5
331,255,10
332,256,12
333,257,6
334,258,8
335,259,5
336,259,10
337,260,12
338,261,6
339,262,8
340,263,5
341,263,10
342,264,12
343,265,6
344,266,8
345,267,5
346,267,10
347,268,12
348,269,4
349,269,1
350,270,3
351,270,13
352,271,5
353,272,10
354,273,4
355,273,1
356,274,3
357,274,13
358,275,5
359,276,10
360,277,4
361,277,1
362,278,3
363,278,13
364,279,5
365,280,10
366,281,4
367,281,1
368,282,3
369,282,13
370,283,5
371,284,10
372,285,4
373,285,1
374,286,3
375,286,13
376,287,5
377,288,10
378,289,4
379,289,1
380,290,5
381,291,6
382,291,8
383,292,3
384,293,4
385,293,1
386,294,5
387,295,6
388,295,8
389,296,3
390,297,4
391,297,1
392,298,5
393,299,6
394,299,8
395,300,3
396,301,4
397,301,1
398,302,5
399,303,6
400,303,8
401,304,3
402,305,4
403,305,1
404,306,5
405,307,6
406,307,8
407,308,3
408,309,4
409,309,1
410,310,5
411,311,6
412,311,8
413,312,3
414,313,4
415,313,1
416,314,5
417,315,8
418,315,6
419,316,3
420,317,4
421,317,1
422,318,5
423,319,8
424,319,6
425,320,3
426,321,4
427,321,1
428,322,5
429,323,8
430,323,6
431,324,3
432,325,4
433,325,1
434,326,5
435,327,8
436,327,6
437,328,3
438,329,4
439,329,1
440,330,5
441,331,8
442,331,6
443,332,3
444,333,4
445,333,1
446,334,5
447,335,8
448,335,6
449,336,3
450,337,8
451,337,19
452,338,1
453,339,6
454,340,4
455,341,8
456,341,19
457,342,1
458,343,6
459,344,4
460,345,8
461,345,19
462,346,6
463,347,4
464,348,1
465,349,19
466,349,8
467,350,1
468,351,4
469,352,6
470,353,8
471,353,6
472,354,5
473,355,10
474,356,1
475,357,8
476,357,6
477,358,5
478,359,10
479,360,1
480,361,8
481,361,6
482,362,5
483,363,10
484,364,1
485,365,8
486,365,6
487,366,5
488,367,10
489,368,1
490,369,6
491,370,5
492,371,10
493,372,1
494,373,6
495,374,5
496,375,10
497,376,1
498,377,6
499,378,5
500,379,10
501,380,1
502,381,6
503,382,5
504,383,10
505,384,1
506,385,4
507,386,3
508,387,6
509,387,8
510,388,5
511,389,4
512,390,3
513,391,6
514,391,8
515,392,5
516,393,4
517,394,3
518,395,6
519,395,8
520,396,5
521,397,4
522,398,3
523,399,6
524,399,8
525,400,5
526,401,8
527,402,12
528,403,3
529,404,4
530,405,8
531,406,5
532,407,6
533,408,12
534,409,8
535,410,5
536,411,6
537,412,12
538,413,8
539,414,6
540,415,3
541,415,4
542,416,5
543,416,20
544,417,8
545,418,6
546,419,3
547,419,4
548,420,5
549,420,20
550,421,8
551,422,6
552,423,3
553,423,4
554,424,5
555,424,20
556,425,8
557,426,20
558,427,3
559,427,4
560,428,5
561,429,8
562,430,20
563,431,3
564,431,4
565,432,5
566,433,8
567,434,20
568,435,3
569,435,4
570,436,5
571,437,8
572,437,6
573,438,20
574,439,3
575,439,4
576,440,5
577,440,12
578,441,8
579,441,6
580,442,20
581,442,10
582,443,3
583,443,4
584,444,5
585,444,12
586,445,10
587,445,20
588,446,6
589,446,8
590,447,3
591,447,4
592,448,5
593,448,12
594,449,4
595,450,12
596,451,6
597,452,5
598,453,4
599,454,12
600,455,6
601,456,5
602,457,5
603,458,8
604,459,6
605,460,10
606,461,5
607,462,8
608,463,6
609,464,10
610,465,5
611,466,8
612,467,6
613,468,10
614,469,5
615,470,8
616,471,3
617,472,10
618,472,4
619,473,5
620,474,8
621,475,3
622,475,12
623,476,10
624,476,4
625,477,5
626,478,8
627,479,3
628,479,12
629,480,10
630,480,4
631,481,5
632,482,8
633,483,3
634,483,12
635,484,10
636,484,4
637,485,5
638,486,8
639,487,3
640,487,12
641,488,10
642,488,4
643,489,5
644,490,8
645,490,6
646,491,3
647,491,12
648,492,10
649,492,4
650,493,5
651,494,8
652,494,6
653,495,3
654,495,12
655,496,10
656,496,4
657,497,5
658,498,8
659,498,6
660,499,12
661,499,20
662,500,10
663,500,4
664,501,8
665,501,12
666,502,5
667,502,10
668,503,6
669,504,3
670,505,8
671,505,12
672,506,5
673,506,10
674,507,6
675,508,3
676,509,8
677,509,12
678,510,5
679,510,10
680,511,6
681,512,3
682,512,4
683,513,8
684,513,12
685,514,5
686,514,10
687,515,6
688,516,3
689,516,4
690,517,12
691,517,8
692,518,5
693,518,10
694,519,6
695,519,1
696,520,3
697,520,4
698,521,12
699,522,4
700,522,8
701,523,6
702,523,1
703,524,3
704,524,20
705,525,12
706,526,4
707,526,8
708,527,6
709,527,1
710,528,3
711,528,20
712,529,10
713,530,4
714,531,8
715,531,1
716,532,5
717,533,20
718,533,6
719,534,4
720,534,10
721,535,1
722,535,8
723,536,5
724,537,6
725,537,20
726,538,4
727,538,10
728,539,1
729,539,8
730,540,5
731,541,6
732,541,20
733,542,4
734,542,10
735,543,8
736,543,1
737,544,5
738,545,6
739,545,20
740,546,4
741,546,10
742,547,8
743,547,1
744,548,5
745,548,12
746,549,6
747,549,20
748,550,4
749,550,10
750,551,8
751,551,1
752,552,5
753,552,12
754,553,6
755,553,20
756,554,4
757,554,10
758,555,8
759,555,1
760,556,5
761,556,12
762,557,20
763,558,4
764,558,10
765,559,1
766,560,5
767,560,12
768,561,10
769,562,8
770,562,6
771,563,12
772,563,1
773,564,5
774,564,4
775,565,10
776,566,6
777,566,8
778,567,12
779,567,1
780,568,5
781,568,4
782,569,10
783,570,6
784,570,8
785,571,12
786,571,1
787,572,5
788,572,4
789,573,10
790,573,20
791,574,6
792,574,8
793,575,12
794,575,1
795,576,5
796,576,4
797,577,10
798,577,20
799,578,6
800,578,8
801,579,12
802,579,1
803,580,5
804,580,4
805,581,10
806,581,20
807,582,6
808,582,8
809,583,12
810,583,1
811,584,5
812,584,4
813,585,10
814,585,20
815,586,6
816,586,8
817,587,12
818,587,1
819,588,5
820,588,4
821,589,10
822,589,5
823,590,4
824,590,12
825,591,3
826,591,6
827,592,8
828,593,10
829,593,5
830,594,12
831,594,4
832,595,3
833,595,6
834,596,8
835,597,10
836,597,5
837,598,12
838,598,4
839,599,3
840,599,6
841,600,8
842,601,1
843,601,3
844,602,6
845,602,8
846,603,5
847,603,10
848,604,4
849,604,13
850,605,5
851,605,10
852,606,4
853,606,13
854,607,3
855,608,1
856,609,10
857,610,5
858,611,8
859,612,6
860,613,10
861,614,5
862,615,8
863,616,6
864,617,10
865,618,5
866,619,8
867,620,6
868,621,6
869,622,10
870,623,5
871,624,8
872,625,10
873,625,8
874,626,5
875,626,1
876,627,3
877,628,12
878,628,6
879,629,10
880,629,1
881,630,5
882,631,3
883,632,12
884,633,1
885,634,5
886,635,10
887,636,12
888,637,1
889,638,5
890,639,10
891,640,12
892,641,1
893,642,5
894,643,10
895,644,12
896,645,1
897,646,5
898,647,10
899,648,12
900,649,1
901,650,5
902,651,10
903,652,12
904,653,1
905,654,5
906,655,10
907,656,12
908,657,10
909,657,12
910,658,16
911,658,8
912,659,13
913,659,3
914,660,6
915,661,8
916,661,16
917,662,13
918,663,12
919,663,10
920,664,6
921,665,10
922,666,5
923,667,4
924,668,3
925,669,10
926,670,5
927,671,4
928,672,3
929,673,10
930,674,5
931,675,8
932,675,6
933,676,1
934,677,10
935,678,5
936,679,8
937,679,6
938,680,1
939,681,10
940,682,5
941,683,8
942,683,6
943,684,1
944,685,1
945,685,10
946,686,4
947,686,3
948,687,12
949,687,5
950,688,6
951,688,13
952,689,1
953,689,10
954,690,4
955,690,3
956,691,12
957,691,5
958,692,6
959,692,13
960,693,8
961,694,6
962,695,1
963,696,10
964,697,6
965,697,4
966,698,1
967,698,5
968,699,13
969,699,3
970,700,10
971,700,8
972,701,6
973,701,4
974,702,1
975,702,5
976,703,13
977,703,3
978,704,8
979,705,10
980,706,4
981,707,5
982,707,13
983,708,6
984,709,10
985,710,4
986,711,5
987,711,13
988,712,6
989,713,1
990,714,5
991,715,10
992,716,3
993,717,1
994,718,5
995,719,10
996,720,3
997,721,1
998,722,5
999,723,10
1000,724,3
1001,725,1
1002,726,5
1003,727,10
1004,728,3
1005,729,3
1006,730,8
1007,731,6
1008,732,10
1009,733,3
1010,734,8
1011,735,6
1012,736,10
1013,737,12
1014,738,6
1015,738,1
1016,739,3
1017,739,10
1018,740,5
1019,740,13
1020,741,12
1021,742,6
1022,742,1
1023,743,3
1024,743,10
1025,744,5
1026,744,13
1027,745,12
1028,746,6
1029,746,1
1030,747,3
1031,747,10
1032,748,5
1033,748,13
1034,749,12
1035,750,1
1036,751,3
1037,751,10
1038,752,5
1039,753,12
1040,754,1
1041,755,3
1042,755,10
1043,756,5
1044,757,6
1045,758,8
1046,759,5
1047,759,1
1048,760,3
1049,761,6
1050,762,8
1051,763,5
1052,763,1
1053,764,3
1054,765,6
1055,766,8
1056,767,5
1057,767,1
1058,768,3
1059,769,6
1060,770,1
1061,771,5
1062,772,3
1063,773,3
1064,774,13
1065,774,5
1066,775,6
1067,775,4
1068,776,12
1069,777,3
1070,778,13
1071,778,5
1072,779,6
1073,779,4
1074,780,12
1075,781,10
1076,782,6
1077,783,3
1078,784,5
1079,785,10
1080,786,6
1081,787,3
1082,788,5
1083,789,10
1084,790,6
1085,791,3
1086,792,5
1087,793,10
1088,794,6
1089,795,3
1090,796,5
1091,797,10
1092,798,6
1093,799,5
1094,800,1
1095,801,10
1096,802,6
1097,803,5
1098,804,1
1099,805,10
1100,806,6
1101,807,5
1102,808,1
1103,809,10
1104,810,6
1105,811,5
1106,812,1
1107,813,10
1108,814,6
1109,815,5
1110,816,1
1111,817,10
1112,818,6
1113,819,5
1114,820,1
1115,821,10
1116,822,6
1117,823,5
1118,824,1
1119,825,10
1120,825,12
1121,826,3
1122,827,1
1123,828,5
1124,828,6
1125,829,10
1126,830,3
1127,831,1
1128,832,5
1129,832,6
1130,833,10
1131,834,3
1132,835,1
1133,836,5
1134,836,6
1135,837,10
1136,838,3
1137,839,1
1138,840,5
1139,840,6
1140,841,10
1141,841,13
1142,842,3
1143,842,12
1144,843,6
1145,844,5
1146,845,10
1147,845,13
1148,846,3
1149,846,12
1150,847,6
1151,848,5
1152,849,10
1153,849,13
1154,850,3
1155,850,12
1156,851,6
1157,852,5
1158,853,10
1159,853,13
1160,854,3
1161,854,12
1162,855,6
1163,856,5
1164,857,6
1165,858,8
1166,859,5
1167,860,10
1168,861,6
1169,862,8
1170,862,12
1171,863,5
1172,864,10
1173,865,6
1174,866,8
1175,866,12
1176,867,5
1177,868,10
1178,869,6
1179,870,8
1180,870,12
1181,871,5
1182,872,10
1183,872,4
1184,873,5
1185,873,4
1186,874,13
1187,874,10
1188,875,8
1189,876,6
1190,876,3
1191,877,5
1192,877,4
1193,878,13
1194,878,10
1195,879,8
1196,880,6
1197,880,3
1198,881,5
1199,881,4
1200,882,13
1201,882,10
1202,883,8
1203,884,6
1204,884,3
1205,885,5
1206,885,4
1207,886,13
1208,886,10
1209,887,8
1210,888,6
1211,888,3
1212,889,3
1213,890,10
1214,891,6
1215,892,4
1216,893,3
1217,894,10
1218,895,6
1219,896,4
1220,897,10
1221,898,6
1222,899,4
1223,900,3
1224,901,10
1225,902,6
1226,903,4
1227,904,3
1228,905,6
1229,906,4
1230,906,5
1231,907,12
1232,907,3
1233,908,8
1234,909,6
1235,910,4
1236,910,5
1237,911,12
1238,911,3
1239,912,8
1240,913,6
1241,914,4
1242,914,5
1243,915,12
1244,915,3
1245,916,8
1246,917,1
1247,918,4
1248,919,5
1249,919,12
1250,920,10
1251,920,6
1252,921,1
1253,922,4
1254,923,12
1255,923,5
1256,924,6
1257,924,10
1258,925,1
1259,926,4
1260,927,12
1261,927,5
1262,928,6
1263,928,10
1264,929,5
1265,930,10
1266,930,1
1267,931,8
1268,932,3
1269,933,5
1270,934,10
1271,934,1
1272,935,8
1273,936,3
1274,937,10
1275,938,1
1276,939,6
1277,939,8
1278,940,5
1279,941,10
1280,942,1
1281,943,6
1282,943,8
1283,944,5
1284,945,10
1285,946,1
1286,947,6
1287,947,8
1288,948,5
1289,949,10
1290,950,1
1291,951,6
1292,951,8
1293,952,5
1294,953,10
1295,954,1
1296,955,6
1297,955,8
1298,956,5
1299,957,10
1300,958,1
1301,959,6
1302,959,8
1303,960,5
1304,961,10
1305,962,1
1306,963,6
1307,963,8
1308,964,5
1309,965,10
1310,966,1
1311,967,6
1312,967,8
1313,968,5
1314,969,6
1315,969,4
1316,970,8
1317,971,3
1318,972,12
1319,973,6
1320,973,4
1321,974,8
1322,975,3
1323,976,12
1324,977,6
1325,977,4
1326,978,8
1327,979,3
1328,980,12
1329,981,6
1330,981,4
1331,982,8
1332,983,3
1333,984,12
1334,985,4
1335,986,8
1336,987,3
1337,988,12
1338,989,8
1339,990,5
1340,991,6
1341,992,1
1342,993,8
1343,994,5
1344,995,6
1345,996,1
1346,997,8
1347,998,5
1348,999,6
1349,1000,1
1350,1001,8
1351,1002,5
1352,1003,6
1353,1004,1
1354,1005,8
1355,1006,5
1356,1007,6
1357,1008,1
1358,1009,4
1359,1009,6
1360,1010,5
1361,1010,10
1362,1011,12
1363,1011,13
1364,1012,3
1365,1012,1
1366,1013,4
1367,1013,6
1368,1014,5
1369,1014,10
1370,1015,12
1371,1015,13
1372,1016,3
1373,1016,1
1374,1017,4
1375,1017,6
1376,1018,5
1377,1018,10
1378,1019,12
1379,1019,13
1380,1020,3
1381,1020,1
1382,1021,4
1383,1021,6
1384,1022,5
1385,1022,10
1386,1023,12
1387,1023,13
1388,1024,3
1389,1024,1
1390,1025,8
1391,1026,1
1392,1027,6
1393,1028,3
1394,1029,6
1395,1029,3
1396,1030,4
1397,1030,5
1398,1031,8
1399,1032,1
1400,1032,13
1401,1033,6
1402,1033,3
1403,1034,4
1404,1034,5
1405,1035,8
1406,1035,12
1407,1036,1
1408,1036,13
1409,1037,6
1410,1037,3
1411,1038,4
1412,1038,5
1413,1039,8
1414,1039,12
1415,1040,1
1416,1040,13
1417,1041,6
1418,1041,3
1419,1042,4
1420,1042,5
1421,1043,8
1422,1043,12
1423,1044,1
1424,1044,13
1425,1045,6
1426,1045,3
1427,1046,4
1428,1046,5
1429,1047,8
1430,1047,12
1431,1048,1
1432,1049,6
1433,1050,5
1434,1051,3
1435,1052,1
1436,1053,6
1437,1053,5
1438,1054,8
1439,1055,10
1440,1056,3
1441,1057,6
1442,1057,5
1443,1058,8
1444,1059,10
1445,1060,3
1446,1061,6
1447,1061,5
1448,1062,8
1449,1063,10
1450,1064,3
1451,1065,6
1452,1065,5
1453,1066,8
1454,1067,10
1455,1068,3
1456,1069,5
1457,1070,10
1458,1071,3
1459,1071,13
1460,1072,8
1461,1072,6
1462,1073,5
1463,1074,10
1464,1075,3
1465,1075,13
1466,1076,8
1467,1076,6
1468,1077,5
1469,1078,10
1470,1079,3
1471,1079,13
1472,1080,8
1473,1080,6
1474,1081,12
1475,1082,4
1476,1082,5
1477,1083,17
1478,1083,13
1479,1084,3
1480,1085,12
1481,1086,5
1482,1087,13
1483,1088,3
1484,1089,12
1485,1089,5
1486,1090,10
1487,1090,1
1488,1091,13
1489,1092,3
1490,1093,12
1491,1094,5
1492,1095,1
1493,1095,10
1494,1096,3
1495,1097,12
1496,1098,5
1497,1099,1
1498,1099,10
1499,1100,3
1500,1101,12
1501,1102,5
1502,1103,1
1503,1103,10
1504,1104,3
1505,1105,7
1506,1105,10
1507,1106,12
1508,1106,3
1509,1107,6
1510,1108,5
1511,1109,10
1512,1109,7
1513,1110,3
1514,1111,5
1515,1111,12
1516,1112,6
1517,1112,8
1518,1113,10
1519,1113,7
1520,1114,3
1521,1115,5
1522,1115,12
1523,1116,6
1524,1116,8
1525,1117,6
1526,1117,8
1527,1118,10
1528,1119,3
1529,1120,5
1530,1120,12
1531,1121,6
1532,1121,8
1533,1122,10
1534,1123,3
1535,1124,5
1536,1124,12
1537,1125,6
1538,1125,8
1539,1126,10
1540,1127,3
1541,1128,12
1542,1128,5
1543,1129,6
1544,1129,8
1545,1130,10
1546,1131,3
1547,1132,12
1548,1132,5
1549,1133,10
1550,1134,3
1551,1135,8
1552,1135,6
1553,1136,4
1554,1136,5
1555,1137,10
1556,1137,12
1557,1138,3
1558,1139,8
1559,1139,6
1560,1140,4
1561,1140,5
1562,1141,10
1563,1141,12
1564,1142,3
1565,1143,8
1566,1143,6
1567,1144,4
1568,1144,5
1569,1145,5
1570,1145,4
1571,1146,10
1572,1146,12
1573,1147,3
1574,1148,8
1575,1149,5
1576,1149,4
1577,1150,10
1578,1150,12
1579,1151,3
1580,1152,8
1581,1153,3
1582,1153,1
1583,1154,5
1584,1155,10
1585,1156,6
1586,1156,8
1587,1157,3
1588,1157,1
1589,1158,5
1590,1159,10
1591,1160,6
1592,1160,8
1593,1161,3
1594,1161,1
1595,1162,5
1596,1163,10
1597,1164,6
1598,1164,8
1599,1165,3
1600,1165,1
1601,1166,5
1602,1167,10
1603,1168,6
1604,1168,8
1605,1169,3
1606,1169,1
1607,1170,5
1608,1171,10
1609,1172,6
1610,1172,8
1611,1173,8
1612,1174,5
1613,1174,10
1614,1175,6
1615,1176,3
1616,1177,8
1617,1178,5
1618,1178,10
1619,1179,6
1620,1180,3
1621,1181,8
1622,1182,5
1623,1182,10
1624,1183,6
1625,1184,3
1626,1185,8
1627,1186,5
1628,1186,10
1629,1187,6
1630,1188,3
1631,1189,5
1632,1189,1
1633,1190,4
1634,1190,6
1635,1191,10
1636,1191,3
1637,1192,12
1638,1193,5
1639,1193,1
1640,1194,4
1641,1194,6
1642,1195,10
1643,1195,3
1644,1196,12
1645,1197,5
1646,1197,1
1647,1198,4
1648,1198,6
1649,1199,10
1650,1199,3
1651,1200,12
1652,1201,5
1653,1201,1
1654,1202,4
1655,1202,6
1656,1203,10
1657,1203,3
1658,1204,12
1659,1205,5
1660,1205,1
1661,1206,6
1662,1206,4
1663,1207,10
1664,1207,3
1665,1208,12
1666,1209,3
1667,1210,12
1668,1211,6
1669,1212,4
1670,1212,8
1671,1213,3
1672,1214,12
1673,1214,5
1674,1215,6
1675,1216,4
1676,1216,8
1677,1217,3
1678,1218,12
1679,1218,5
1680,1219,6
1681,1220,4
1682,1220,8
1683,1221,3
1684,1222,12
1685,1222,5
1686,1223,6
1687,1224,4
1688,1224,8
1689,1225,3
1690,1226,12
1691,1226,5
1692,1227,6
1693,1228,4
1694,1228,8
1695,1229,3
1696,1230,5
1697,1231,6
1698,1231,10
1699,1232,8
1700,1232,13
1701,1233,3
1702,1234,5
1703,1235,6
1704,1235,10
1705,1236,8
1706,1236,13
1707,1237,3
1708,1238,5
1709,1239,6
1710,1239,10
1711,1240,8
1712,1240,13
1713,1241,3
1714,1242,5
1715,1243,6
1716,1243,10
1717,1244,8
1718,1244,13
1719,1245,3
1720,1246,5
1721,1247,6
1722,1247,10
1723,1248,8
1724,1248,13
1725,1249,3
1726,1250,5
1727,1251,6
1728,1251,10
1729,1252,8
1730,1252,13
1731,1253,13
1732,1254,3
1733,1255,5
1734,1256,8
1735,1256,6
1736,1257,13
1737,1258,3
1738,1259,5
1739,1260,8
1740,1260,6
1741,1261,13
1742,1262,3
1743,1263,5
1744,1264,8
1745,1264,6
1746,1265,13
1747,1266,3
1748,1267,5
1749,1268,8
1750,1268,6
1751,1269,1
1752,1270,3
1753,1271,5
1754,1272,10
1755,1273,1
1756,1274,3
1757,1275,5
1758,1276,10
1759,1277,1
1760,1278,3
1761,1279,5
1762,1280,10
1763,1281,1
1764,1282,3
1765,1283,5
1766,1284,10
1767,1285,13
1768,1286,3
1769,1287,5
1770,1288,4
1771,1289,1
1772,1289,6
1773,1290,12
1774,1291,10
1775,1292,8
1776,1293,13
1777,1294,3
1778,1295,5
1779,1296,4
1780,1297,1
1781,1297,6
1782,1298,12
1783,1299,10
1784,1300,8
1785,1301,13
1786,1302,3
1787,1303,5
1788,1304,4
1789,1305,1
1790,1305,6
1791,1306,12
1792,1307,10
1793,1308,8
1794,1309,13
1795,1310,3
1796,1311,5
1797,1312,4
1798,1313,5
1799,1314,1
1800,1315,10
1801,1316,3
1802,1317,5
1803,1317,4
1804,1318,1
1805,1319,10
1806,1320,3
1807,1321,5
1808,1322,1
1809,1323,10
1810,1324,3
1811,1325,5
1812,1326,1
1813,1327,10
1814,1328,3
1815,1329,5
1816,1329,4
1817,1330,1
1818,1331,10
1819,1332,3
1820,1333,5
1821,1333,4
1822,1334,1
1823,1335,10
1824,1336,3
1825,1337,5
1826,1337,4
1827,1338,1
1828,1339,10
1829,1340,3
1830,1341,5
1831,1341,4
1832,1342,1
1833,1343,10
1834,1344,3
1835,1345,5
1836,1346,3
1837,1346,10
1838,1347,4
1839,1347,8
1840,1348,6
1841,1348,12
1842,1349,10
1843,1349,1
1844,1350,5
1845,1350,6
1846,1351,4
1847,1351,3
1848,1352,13
1849,1352,12
1850,1353,10
1851,1353,1
1852,1354,5
1853,1354,6
1854,1355,4
1855,1355,3
1856,1356,13
1857,1356,12
1858,1357,10
1859,1357,1
1860,1358,5
1861,1358,6
1862,1359,4
1863,1359,3
1864,1360,13
1865,1360,12
1866,1361,10
1867,1361,1
1868,1362,5
1869,1362,6
1870,1363,4
1871,1363,3
1872,1364,13
1873,1364,12
1874,1365,10
1875,1365,1
1876,1366,5
1877,1366,6
1878,1367,4
1879,1368,13
1880,1368,12
1881,1369,1
1882,1369,4
1883,1370,3
1884,1371,8
1885,1371,6
1886,1372,10
1887,1373,1
1888,1373,4
1889,1374,3
1890,1375,8
1891,1375,6
1892,1376,10
1893,1377,1
1894,1378,3
1895,1379,8
1896,1379,6
1897,1380,10
1898,1380,13
1899,1381,1
1900,1382,3
1901,1383,8
1902,1383,6
1903,1384,13
1904,1385,3
1905,1386,13
1906,1387,5
1907,1387,10
1908,1388,6
1909,1388,8
1910,1389,3
1911,1390,13
1912,1391,5
1913,1391,10
1914,1392,6
1915,1392,8
1916,1393,3
1917,1394,13
1918,1395,5
1919,1395,10
1920,1396,6
1921,1396,8
1922,1397,3
1923,1398,13
1924,1399,5
1925,1399,10
1926,1400,6
1927,1400,8
1928,1401,3
1929,1402,4
1930,1402,13
1931,1403,5
1932,1403,10
1933,1404,8
1934,1404,6
1935,1405,3
1936,1406,4
1937,1406,13
1938,1407,5
1939,1407,10
1940,1408,8
1941,1408,6
1942,1409,3
1943,1410,4
1944,1410,13
1945,1411,5
1946,1411,10
1947,1412,6
1948,1413,6
1949,1414,8
1950,1415,3
1951,1416,1
1952,1417,6
1953,1418,8
1954,1419,3
1955,1420,1
1956,1421,6
1956,1421,10
1957,1422,8
1958,1423,3
1959,1424,1
1960,1425,6
1961,1425,10
1962,1426,8
1963,1426,5
1964,1427,3
1965,1428,1
1966,1429,3
1967,1430,6
1968,1431,5
1969,1432,8
1970,1433,3
1971,1434,6
1972,1435,5
1973,1436,8
1974,1437,3
1975,1438,6
1976,1439,5
1977,1440,8
1978,1441,10
1979,1441,1
1980,1442,5
1981,1443,12
1982,1443,3
1983,1444,6
1984,1444,8
1985,1445,10
1986,1445,1
1987,1446,5
1988,1447,12
1989,1447,3
1990,1448,6
1991,1448,8
1992,1449,10
1993,1449,1
1994,1450,5
1995,1451,12
1996,1451,3
1997,1452,6
1998,1452,8
1999,1453,10
2000,1453,1
2001,1454,5
2002,1455,12
2003,1455,3
2004,1456,6
2005,1456,8
2006,1457,10
2007,1457,1
2008,1458,12
2010,1459,3
2011,1460,6
2012,1460,8
2013,1461,12
2014,1461,17
2015,1462,4
2016,1462,10
2017,1463,5
2018,1463,13
2019,1464,6
2020,1464,8
2021,1465,12
2022,1465,17
2023,1466,4
2024,1466,10
2025,1467,5
2026,1467,13
2027,1468,6
2028,1468,8
2029,1469,12
2030,1470,4
2031,1470,10
2032,1471,5
2033,1471,13
2034,1472,8
2035,1473,1
2036,1474,3
2037,1475,6
2038,1476,8
2039,1477,1
2040,1478,3
2041,1479,6
2042,1480,8
2043,1481,1
2044,1482,3
2045,1483,6
2046,1484,8
2047,1485,1
2048,1486,3
2049,1487,10
2050,1488,5
2051,1489,1
2052,1490,3
2053,1491,10
2054,1492,5
2055,1493,1
2056,1494,3
2057,1495,10
2058,1496,5
2059,1497,1
2060,1498,3
2061,1499,10
2062,1500,5
2063,1501,5
2064,1502,10
2065,1503,3
2066,1504,1
2067,1505,5
2068,1506,10
2069,1507,3
2070,1508,1
2071,1509,1
2072,1510,10
2073,1511,5
2074,1512,12
2075,1513,1
2076,1514,10
2077,1515,5
2078,1516,12
2079,1517,1
2080,1518,10
2081,1519,5
2082,1520,12
2083,1521,5
2084,1522,4
2085,1523,1
2086,1524,12
2087,1525,5
2088,1526,4
2089,1527,1
2090,1528,12
2091,1529,5
2092,1530,4
2093,1531,1
2094,1532,12
2095,1533,5
2096,1534,4
2097,1535,1
2098,1536,12
2099,1537,13
2100,1538,1
2101,1538,10
2102,1539,5
2103,1540,8
2104,1540,6
2105,1541,13
2106,1542,1
2107,1542,10
2108,1543,5
2109,1544,8
2110,1544,6
2111,1545,13
2112,1546,1
2113,1546,10
2114,1547,5
2115,1548,8
2116,1548,6
2117,1549,13
2118,1550,1
2119,1550,10
2120,1551,5
2121,1552,8
2122,1552,6
2123,1553,13
2124,1554,1
2125,1554,10
2126,1555,5
2127,1556,8
2128,1556,6
2129,1557,13
2130,1558,1
2131,1558,10
2132,1559,5
2133,1560,8
2134,1560,6
2135,1561,1
2136,1561,10
2137,1562,3
2138,1563,5
2139,1564,4
2140,1565,1
2141,1565,10
2142,1566,3
2143,1567,5
2144,1568,4
2145,1569,1
2146,1569,10
2147,1570,3
2148,1571,5
2149,1572,4
2150,1573,1
2151,1573,10
2152,1574,3
2153,1575,5
2154,1576,4
2155,1577,1
2156,1577,10
2157,1578,3
2158,1579,5
2159,1580,4
2160,1581,3
2161,1582,12
2162,1582,5
2163,1583,13
2164,1584,10
2165,1585,12
2166,1586,5
2167,1587,13
2168,1588,10
2169,1589,12
2170,1589,4
2171,1590,5
2172,1591,13
2173,1592,10
2174,1592,6
2175,1593,12
2176,1593,4
2177,1594,5
2178,1595,13
2179,1596,10
2180,1596,6
2181,1597,12
2182,1597,4
2183,1598,5
2184,1599,13
2185,1600,10
2186,1600,6
2187,1601,13
2188,1601,3
2189,1602,4
2190,1603,5
2191,1604,10
2192,1605,13
2193,1605,3
2194,1606,4
2195,1607,5
2196,1608,10
2197,1609,13
2198,1609,3
2199,1610,4
2200,1611,5
2201,1612,10
2202,1613,13
2203,1613,3
2204,1614,4
2205,1615,5
2206,1616,10
2207,1617,3
2208,1617,13
2209,1618,4
2210,1619,5
2211,1620,10
2212,1621,5
2213,1622,3
2214,1623,6
2215,1623,12
2216,1624,10
2217,1625,5
2218,1626,3
2219,1627,6
2220,1627,12
2221,1628,10
2222,1629,5
2223,1630,3
2224,1630,8
2225,1631,6
2226,1632,10
2227,1633,5
2228,1634,3
2229,1634,8
2230,1635,6
2231,1636,10
2232,1637,5
2233,1638,3
2234,1638,8
2235,1639,6
2236,1640,10
2237,1641,4
2238,1641,10
2239,1642,1
2240,1642,6
2241,1643,13
2242,1643,3
2243,1644,12
2244,1644,5
2245,1645,4
2246,1645,10
2247,1646,1
2248,1646,6
2249,1647,13
2250,1647,3
2251,1648,12
2252,1648,5
2253,1649,4
2254,1649,10
2255,1650,1
2256,1650,6
2257,1651,13
2258,1651,3
2259,1652,12
2260,1652,5
2261,1653,4
2262,1653,10
2263,1654,1
2264,1654,6
2265,1655,13
2266,1655,3
2267,1656,12
2268,1656,5
2269,1657,4
2270,1657,10
2271,1658,1
2272,1658,6
2273,1659,13
2274,1659,3
2275,1660,5
2276,1661,4
2277,1661,10
2278,1662,1
2279,1662,6
2280,1663,13
2281,1663,3
2282,1664,5
2283,1665,10
2284,1666,3
2285,1667,13
2286,1668,5
2287,1669,10
2288,1670,3
2289,1671,13
2290,1672,5
2291,1673,10
2292,1674,3
2293,1675,13
2294,1676,5
2295,1677,10
2296,1677,6
2297,1678,3
2298,1679,13
2299,1680,5
2300,1681,10
2301,1682,3
2302,1683,13
2303,1684,5
2304,1685,6
2305,1685,10
2306,1686,8
2307,1687,13
2308,1688,5
2309,1689,6
2310,1690,8
2311,1691,13
2312,1692,10
2313,1693,6
2314,1694,8
2315,1695,13
2316,1696,10
2317,1697,1
2318,1698,5
2319,1699,10
2320,1700,3
2321,1701,13
2322,1702,3
2323,1703,5
2324,1703,10
2325,1704,1
2326,1704,12
2327,1705,13
2328,1706,3
2329,1707,5
2330,1707,10
2331,1708,1
2332,1708,12
2333,1709,13
2334,1710,3
2335,1711,5
2336,1711,10
2337,1712,1
2338,1712,12
2339,1713,13
2340,1714,3
2341,1715,5
2342,1715,10
2343,1716,1
2344,1716,12
2345,1717,13
2346,1718,3
2347,1719,5
2348,1719,10
2349,1720,1
2350,1720,12
2351,1721,3
2352,1722,5
2353,1722,12
2354,1723,10
2355,1724,1
2356,1725,3
2357,1726,5
2358,1726,12
2359,1727,10
2360,1728,1
2361,1729,3
2362,1730,5
2363,1730,12
2364,1731,10
2365,1732,1
2366,1733,10
2367,1734,12
2368,1735,6
2369,1736,5
2370,1737,10
2371,1738,12
2372,1739,6
2373,1740,5
2374,1741,5
2375,1741,10
2376,1742,13
2377,1742,12
2378,1743,3
2379,1744,8
2380,1744,6
2381,1745,5
2382,1745,10
2383,1746,3
2384,1747,6
2385,1748,8
2386,1749,5
2387,1749,10
2388,1750,3
2389,1751,6
2390,1752,8
2391,1753,5
2392,1753,10
2393,1754,3
2394,1755,6
2395,1756,8
2396,1757,5
2397,1758,3
2398,1759,10
2399,1760,8
2400,1761,5
2401,1762,3
2402,1763,10
2403,1764,8
2404,1765,10
2405,1766,13
2406,1766,3
2407,1767,5
2408,1768,1
2409,1769,10
2410,1770,13
2411,1770,3
2412,1771,5
2413,1772,1
2414,1773,10
2415,1774,13
2416,1774,3
2417,1775,5
2418,1776,1
2419,1777,10
2420,1778,13
2421,1778,3
2422,1779,5
2423,1780,1
2424,1781,10
2425,1781,1
2426,1782,13
2427,1782,3
2428,1783,5
2429,1783,4
2430,1784,12
2431,1785,10
2432,1785,1
2433,1786,13
2434,1786,3
2435,1787,5
2436,1787,4
2437,1788,12
2438,1789,10
2439,1789,1
2440,1790,13
2441,1790,3
2442,1791,5
2443,1792,12
2444,1793,4
2445,1793,13
2446,1794,10
2447,1795,3
2448,1796,5
2449,1797,4
2450,1797,13
2451,1798,10
2452,1799,3
2453,1800,5
2454,1801,4
2455,1801,13
2456,1802,10
2457,1803,3
2458,1804,5
2459,1805,4
2460,1805,13
2461,1806,10
2462,1807,3
2463,1808,5
2464,1809,4
2465,1809,13
2466,1810,10
2467,1811,3
2468,1812,5
2469,1813,4
2470,1813,13
2471,1814,10
2472,1815,3
2473,1816,5
2474,1817,4
2475,1817,13
2476,1818,10
2477,1819,3
2478,1820,5
2479,1821,10
2480,1822,7
2481,1822,12
2482,1823,3
2483,1823,4
2484,1824,5
2485,1825,10
2486,1826,7
2487,1826,12
2488,1827,3
2489,1827,4
2490,1828,5
2491,1829,10
2492,1830,7
2493,1831,12
2494,1832,5
2495,1833,10
2496,1834,7
2497,1835,12
2498,1836,5
2499,1837,10
2500,1838,7
2501,1839,12
2502,1840,5
2503,1841,10
2504,1842,7
2505,1843,12
2506,1844,5
2507,1845,10
2508,1846,7
2509,1847,12
2510,1848,5
2511,1849,4
2512,1849,5
2513,1850,7
2514,1851,12
2515,1852,10
2516,1853,4
2517,1853,5
2518,1854,7
2519,1855,12
2520,1856,10
2521,1857,7
2522,1858,5
2523,1858,4
2524,1859,12
2525,1860,10
2526,1861,8
2527,1862,5
2528,1863,12
2529,1863,1
2530,1864,10
2531,1865,8
2532,1866,5
2533,1867,12
2534,1867,1
2535,1868,10
2536,1869,8
2537,1870,5
2538,1871,12
2539,1871,1
2540,1872,10
2541,1872,13
2542,1873,8
2543,1874,5
2544,1875,12
2545,1875,1
2546,1876,10
2547,1876,13
2548,1877,6
2549,1878,5
2550,1879,12
2551,1880,8
2552,1880,1
2553,1881,6
2554,1882,5
2555,1883,12
2556,1884,8
2557,1884,1
2558,1885,6
2559,1886,5
2560,1887,12
2561,1888,8
2562,1888,1
2563,1889,6
2564,1890,5
2565,1891,12
2566,1892,8
2567,1892,1
2568,1893,6
2569,1894,5
2570,1895,12
2571,1896,8
2572,1896,1
2573,1897,6
2574,1898,5
2575,1899,12
2576,1900,8
2577,1900,1
2578,1901,6
2579,1902,5
2580,1903,12
2581,1904,8
2582,1904,1
2583,1905,6
2584,1906,5
2585,1907,12
2586,1908,8
2587,1908,1
2588,1909,6
2589,1910,5
2590,1911,12
2591,1912,8
2592,1912,1
2593,1913,6
2594,1914,5
2595,1915,12
2596,1916,8
2597,1916,1
2598,1917,12
2599,1918,1
2600,1918,8
2601,1919,6
2602,1920,5
2603,1921,8
2604,1921,1
2605,1922,6
2606,1923,5
2607,1924,12
2608,1925,8
2609,1925,1
2610,1926,6
2611,1927,5
2612,1928,12
2613,1929,12
2614,1929,6
2615,1930,3
2616,1930,13
2617,1931,4
2618,1931,7
2619,1932,5
2620,1932,10
2621,1933,12
2622,1933,6
2623,1934,3
2624,1934,13
2625,1935,4
2626,1935,7
2627,1936,5
2628,1936,10
2629,1937,12
2630,1937,6
2631,1938,3
2632,1938,13
2633,1939,4
2634,1940,5
2635,1940,10
2636,1941,12
2637,1941,6
2638,1942,3
2639,1942,13
2640,1943,4
2641,1944,5
2642,1944,10
2643,1945,5
2644,1946,10
2645,1947,12
2646,1947,13
2647,1948,4
2648,1949,5
2649,1950,10
2650,1951,12
2651,1951,13
2652,1952,4
2653,1953,5
2654,1954,10
2655,1955,12
2656,1955,13
2657,1956,4
2658,1957,5
2659,1958,10
2660,1959,12
2661,1959,13
2662,1960,4
2663,1961,3
2664,1962,6
2665,1962,8
2666,1963,5
2667,1964,10
2668,1965,3
2669,1966,6
2670,1966,8
2671,1967,5
2672,1968,10
2673,1969,3
2674,1970,6
2675,1970,8
2676,1971,5
2677,1972,10
2678,1973,3
2679,1974,6
2680,1974,8
2681,1975,5
2682,1976,10
2683,1977,3
2684,1978,6
2685,1978,8
2686,1979,5
2687,1980,10
2688,1981,10
2689,1982,4
2690,1983,5
2691,1984,6
2692,1985,10
2693,1986,4
2694,1987,5
2695,1988,6
2696,1989,10
2697,1990,4
2698,1991,5
2699,1992,6
2700,1993,10
2701,1994,4
2702,1995,5
2703,1996,6
2704,1997,10
2705,1998,4
2706,1999,5
2707,2000,6
2708,2001,12
2709,2001,13
2710,2002,8
2711,2002,6
2712,2003,4
2713,2003,5
2714,2004,10
2715,2005,12
2716,2005,13
2717,2006,8
2718,2006,6
2719,2007,4
2720,2007,5
2721,2008,10
2722,2009,12
2723,2009,13
2724,2010,8
2725,2011,4
2726,2011,5
2727,2012,10
2728,2013,12
2729,2013,13
2730,2014,8
2731,2015,4
2732,2015,5
2733,2016,10
2734,2017,12
2735,2017,13
2736,2018,8
2737,2019,4
2738,2019,5
2739,2020,10
2740,2021,10
2741,2022,12
2742,2023,8
2743,2024,13
2744,2025,10
2745,2026,12
2746,2027,8
2747,2028,13
2748,2029,10
2749,2030,12
2750,2031,8
2751,2032,13
2752,2033,10
2753,2034,12
2754,2035,8
2755,2036,13
2756,2037,10
2757,2038,12
2758,2039,8
2759,2040,13
2760,2041,10
2761,2042,12
2762,2043,8
2763,2044,13
2764,2045,10
2765,2046,12
2766,2047,8
2767,2048,13
2768,2049,10
2769,2050,12
2770,2051,8
2771,2052,13
2772,2053,10
2773,2054,12
2774,2055,8
2775,2055,6
2776,2056,13
2777,2057,10
2778,2058,12
2779,2059,8
2780,2059,6
2781,2060,13
2782,2061,1
2783,2061,10
2784,2062,5
2785,2062,4
2786,2063,3
2787,2063,6
2788,2064,12
2789,2064,8
2790,2065,1
2791,2065,10
2792,2066,5
2793,2066,4
2794,2067,3
2795,2067,6
2796,2068,12
2797,2068,8
2798,2069,1
2799,2069,10
2800,2070,5
2801,2070,4
2802,2071,3
2803,2071,6
2804,2072,12
2805,2072,8
2806,2073,1
2807,2073,10
2808,2074,5
2809,2074,4
2810,2075,3
2811,2075,6
2812,2076,12
2813,2076,8
2814,2077,8
2815,2078,10
2816,2079,12
2817,2079,3
2818,2080,6
2819,2080,5
2820,2081,8
2821,2082,10
2822,2083,3
2823,2084,6
2824,2084,5
2825,2085,8
2826,2086,10
2827,2087,3
2828,2088,6
2829,2088,5
2830,2089,8
2831,2090,10
2832,2091,3
2833,2092,6
2834,2092,5
2835,2093,8
2836,2094,10
2837,2095,3
2838,2096,6
2839,2096,5
2840,2097,4
2841,2097,6
2842,2098,5
2843,2099,12
2844,2099,10
2845,2100,3
2846,2100,13
2847,2101,4
2848,2101,10
2849,2102,6
2850,2103,13
2851,2104,1
2852,2104,12
2853,2105,4
2854,2105,10
2855,2106,6
2856,2107,13
2857,2108,1
2858,2108,12
2859,2109,4
2860,2109,10
2861,2110,6
2862,2111,13
2863,2112,1
2864,2112,12
2865,2113,4
2866,2113,10
2867,2114,6
2868,2114,7
2869,2115,13
2870,2116,1
2871,2116,12
2872,2117,10
2873,2117,7
2874,2118,6
2875,2118,8
2876,2119,13
2877,2120,1
2878,2120,12
2879,2121,8
2880,2121,6
2881,2122,16
2882,2123,12
2883,2124,1
2884,2125,8
2885,2125,6
2886,2126,16
2887,2127,12
2888,2128,1
2889,2129,8
2890,2129,6
2891,2130,16
2892,2131,12
2893,2132,1
2894,2133,4
2895,2134,1
2896,2135,10
2897,2135,13
2898,2136,12
2899,2137,4
2900,2138,1
2901,2139,10
2902,2139,13
2903,2140,12
2904,2141,4
2905,2142,1
2906,2143,10
2907,2143,13
2908,2144,12
2909,2145,4
2910,2146,1
2911,2147,10
2912,2147,13
2913,2148,12
2914,2149,6
2915,2150,3
2916,2151,4
2917,2152,10
2918,2153,6
2919,2154,3
2920,2155,4
2921,2156,10
2922,2157,8
2923,2157,13
2924,2158,4
2925,2158,6
2926,2159,3
2927,2160,5
2928,2160,10
2929,2161,8
2930,2161,13
2931,2162,4
2932,2162,6
2933,2163,3
2934,2164,5
2935,2164,10
2936,2165,8
2937,2165,13
2938,2166,4
2939,2166,6
2940,2167,3
2941,2168,5
2942,2168,10
2943,2169,4
2944,2170,12
2945,2171,13
2946,2172,5
2947,2173,4
2948,2174,12
2949,2175,13
2950,2176,5
2951,2177,4
2952,2178,12
2953,2179,13
2954,2180,5
2955,2181,1
2956,2181,5
2957,2182,10
2958,2183,12
2959,2184,13
2960,2185,1
2961,2185,5
2962,2186,10
2963,2187,12
2964,2188,13
2965,2189,1
2966,2189,5
2967,2190,10
2968,2191,12
2969,2192,13
2970,2193,10
2971,2194,6
2972,2195,3
2973,2196,8
2974,2197,10
2975,2198,6
2976,2199,3
2977,2200,8
2978,2201,8
2979,2201,6
2980,2202,4
2981,2202,3
2982,2203,10
2983,2204,1
2984,2204,13
2985,2205,8
2986,2205,6
2987,2206,4
2988,2206,3
2989,2207,10
2990,2208,1
2991,2208,13
2992,2209,8
2993,2209,6
2994,2210,4
2995,2210,3
2996,2211,10
2997,2212,1
2998,2212,13
2999,2213,3
3000,2213,1
3001,2214,10
3002,2215,13
3003,2216,8
3004,2217,3
3005,2217,1
3006,2218,10
3007,2219,13
3008,2220,8
3009,2220,6
3010,2221,3
3011,2221,1
3012,2222,10
3013,2223,13
3014,2224,8
3015,2224,6
3016,2225,3
3017,2225,1
3018,2226,10
3019,2227,13
3020,2228,8
3021,2229,10
3022,2230,5
3023,2230,6
3024,2231,8
3025,2232,4
3026,2233,10
3027,2234,5
3028,2234,6
3029,2235,8
3030,2236,4
3031,2237,1
3032,2237,13
3033,2238,12
3034,2238,5
3035,2239,4
3036,2239,10
3037,2240,6
3038,2241,1
3039,2241,13
3040,2242,12
3041,2242,5
3042,2243,4
3043,2243,10
3044,2244,6
3045,2245,1
3046,2245,13
3047,2246,12
3048,2247,4
3049,2247,10
3050,2248,6
3051,2249,1
3052,2249,13
3053,2250,12
3054,2250,5
3055,2251,4
3056,2251,10
3057,2252,6
3058,2253,1
3059,2253,13
3060,2254,12
3061,2254,5
3062,2255,4
3063,2255,10
3064,2256,6
3065,2257,10
3066,2258,1
3067,2258,4
3068,2259,3
3069,2260,5
3070,2261,10
3071,2262,1
3072,2262,4
3073,2263,3
3074,2264,5
3075,2265,10
3076,2266,1
3077,2266,4
3078,2267,3
3079,2268,5
3080,2269,10
3081,2269,8
3082,2270,1
3083,2270,4
3084,2271,3
3085,2272,5
3086,2273,10
3087,2273,8
3088,2274,1
3089,2275,3
3090,2275,6
3091,2276,5
3092,2277,10
3093,2277,8
3094,2278,1
3095,2279,3
3096,2279,6
3097,2280,5
3098,2281,10
3099,2281,8
3100,2282,1
3101,2283,3
3102,2283,6
3103,2284,5
3104,2285,10
3105,2285,1
3106,2286,5
3107,2287,13
3108,2288,3
3109,2289,10
3110,2289,1
3111,2290,5
3112,2291,13
3113,2292,3
3114,2293,10
3115,2293,1
3116,2294,5
3117,2295,13
3118,2296,3
3119,2297,10
3120,2297,1
3121,2298,5
3122,2299,13
3123,2300,3
3124,2301,10
3125,2301,1
3126,2302,5
3127,2303,13
3128,2304,3
3129,2305,10
3130,2305,1
3131,2306,5
3132,2307,13
3133,2308,3
3134,2309,5
3135,2309,3
3136,2310,10
3137,2310,12
3138,2311,8
3139,2311,6
3140,2312,4
3141,2312,1
3142,2313,3
3143,2313,5
3144,2314,10
3145,2314,12
3146,2315,6
3147,2315,8
3148,2316,1
3149,2316,4
3150,2317,3
3151,2317,5
3152,2318,10
3153,2318,12
3154,2319,6
3155,2319,8
3156,2320,1
3157,2320,4
3158,2321,3
3159,2321,5
3160,2322,10
3161,2322,12
3162,2323,6
3163,2323,8
3164,2324,1
3165,2324,4
3166,2325,3
3167,2325,5
3168,2326,10
3169,2326,12
3170,2327,8
3171,2328,1
3172,2329,3
3173,2329,5
3174,2330,10
3175,2330,12
3176,2331,8
3177,2332,1
3178,2333,3
3179,2334,10
3180,2334,12
3181,2335,8
3182,2336,1
3183,2337,12
3184,2338,8
3185,2339,5
3186,2340,10
3187,2341,12
3188,2342,8
3189,2343,5
3190,2344,10
3191,2345,12
3192,2346,8
3193,2347,5
3194,2348,10
3195,2349,12
3196,2350,8
3197,2351,5
3198,2352,10
3199,2353,12
3200,2354,8
3201,2355,5
3202,2356,10
3203,2357,12
3204,2358,8
3205,2359,5
3206,2360,10
3207,2361,12
3208,2362,8
3209,2363,5
3210,2364,10
3211,2365,12
3212,2366,8
3213,2366,6
3214,2367,5
3215,2368,10
3216,2369,10
3217,2370,3
3218,2371,12
3219,2371,8
3220,2372,5
3221,2373,10
3222,2374,3
3223,2375,12
3224,2375,8
3225,2376,5
3226,2377,10
3227,2378,3
3228,2379,12
3229,2379,8
3230,2380,5
3231,2381,10
3232,2382,3
3233,2383,8
3234,2384,5
3235,2385,10
3236,2386,3
3237,2387,8
3238,2388,5
3239,2389,12
3240,2389,6
3241,2390,5
3242,2390,8
3243,2391,13
3244,2391,3
3245,2392,10
3246,2392,4
3247,2393,12
3248,2393,6
3249,2394,5
3250,2394,8
3251,2395,13
3252,2395,3
3253,2396,10
3254,2396,4
3255,2397,12
3256,2397,6
3257,2398,5
3258,2398,8
3259,2399,13
3260,2399,3
3261,2400,10
3262,2400,4
3263,2401,5
3264,2401,8
3265,2402,3
3266,2403,4
3267,2403,10
3268,2404,12
3269,2404,6
3270,2405,5
3271,2405,8
3272,2406,3
3273,2407,4
3274,2408,12
3275,2408,6
3276,2409,10
3277,2410,5
3278,2410,12
3279,2411,4
3280,2412,3
3281,2413,10
3282,2414,5
3283,2414,12
3284,2415,4
3285,2416,3
3286,2417,10
3287,2418,5
3288,2418,12
3289,2419,4
3290,2419,13
3291,2420,3
3292,2421,10
3293,2422,5
3294,2422,12
3295,2423,4
3296,2423,13
3297,2424,3
3298,2425,10
3299,2426,5
3300,2426,12
3301,2427,4
3302,2427,13
3303,2428,3
3304,2429,10
3305,2430,5
3306,2430,12
3307,2431,4
3308,2431,13
3309,2432,3
3310,2433,10
3311,2434,13
3312,2435,6
3313,2436,5
3314,2437,10
3315,2438,13
3316,2439,6
3317,2440,5
3318,2441,10
3319,2442,13
3320,2443,6
3321,2444,5
3322,2445,10
3323,2446,13
3324,2447,6
3325,2448,5
3326,2449,10
3327,2450,13
3328,2451,6
3329,2452,5
3330,2453,10
3331,2454,13
3332,2455,6
3333,2456,5
3334,2457,10
3335,2458,5
3336,2459,6
3337,2460,13
3338,2461,10
3339,2462,5
3340,2463,6
3341,2464,13
3342,2465,10
3343,2466,5
3344,2467,6
3345,2468,13
3346,2469,10
3347,2470,5
3348,2471,6
3349,2472,13
3350,2473,10
3351,2473,4
3352,2474,5
3353,2474,12
3354,2475,3
3355,2476,6
3356,2477,10
3357,2477,4
3358,2478,5
3359,2478,12
3360,2479,3
3361,2480,6
3362,2481,10
3363,2481,4
3364,2482,5
3365,2482,12
3366,2483,3
3367,2484,6
3368,2485,10
3369,2485,4
3370,2486,5
3371,2486,12
3372,2487,3
3373,2488,6
3374,2489,10
3375,2489,4
3376,2490,5
3377,2490,12
3378,2491,3
3379,2492,6
3380,2493,10
3381,2493,4
3382,2494,5
3383,2494,12
3384,2495,3
3385,2496,6
3386,2497,5
3387,2497,8
3388,2498,10
3389,2499,12
3390,2500,6
3391,2500,13
3392,2501,5
3393,2501,8
3394,2502,10
3395,2503,12
3396,2504,6
3397,2504,13
3398,2505,5
3399,2505,8
3400,2506,10
3401,2507,12
3402,2508,6
3403,2509,5
3404,2509,8
3405,2510,10
3406,2511,12
3407,2512,6
3408,2513,5
3409,2513,8
3410,2514,10
3411,2515,12
3412,2516,6
3413,2517,5
3414,2517,8
3415,2518,10
3416,2519,12
3417,2520,6
3418,2521,10
3419,2522,5
3420,2522,4
3421,2523,3
3422,2524,6
3423,2525,10
3424,2526,5
3425,2526,4
3426,2527,3
3427,2528,6
3428,2529,10
3429,2530,5
3430,2530,4
3431,2531,3
3432,2532,6
3433,2533,10
3434,2534,5
3435,2534,4
3436,2535,3
3437,2536,6
3438,2537,10
3439,2538,5
3440,2538,4
3441,2539,3
3442,2540,6
3443,2541,10
3444,2542,5
3445,2542,4
3446,2543,3
3447,2544,6
3448,2545,5
3449,2545,4
3450,2546,10
3451,2547,12
3452,2547,13
3453,2548,3
3454,2549,5
3455,2550,10
3456,2551,12
3457,2552,13
3458,2553,5
3459,2554,10
3460,2555,12
3461,2556,13
3462,2557,1
3463,2557,10
3464,2558,12
3465,2558,13
3466,2559,5
3467,2560,4
3468,2561,1
3469,2561,10
3470,2562,12
3471,2562,13
3472,2563,5
3473,2564,4
3474,2565,1
3475,2565,10
3476,2566,12
3477,2566,13
3478,2567,5
3479,2568,4
3480,2569,10
3481,2569,1
3482,2570,12
3483,2570,13
3484,2571,5
3485,2572,4
3486,2573,10
3487,2573,1
3488,2574,12
3489,2574,13
3490,2575,5
3491,2576,4
3492,2577,4
3493,2577,10
3494,2578,12
3495,2578,5
3496,2579,1
3497,2580,6
3498,2580,13
3499,2581,4
3500,2581,10
3501,2582,12
3502,2582,5
3503,2583,1
3504,2584,6
3505,2584,13
3506,2585,4
3507,2585,10
3508,2586,12
3509,2586,5
3510,2587,1
3511,2588,6
3512,2588,13
3513,2589,4
3514,2589,10
3515,2590,12
3516,2590,5
3517,2591,1
3518,2592,6
3519,2592,13
3520,2593,12
3521,2594,1
3522,2595,13
3523,2596,5
3524,2597,3
3525,2597,12
3526,2598,4
3527,2598,5
3528,2599,1
3529,2600,10
3530,2601,3
3531,2601,12
3532,2602,4
3533,2602,5
3534,2603,1
3535,2604,10
3536,2605,3
3537,2605,12
3538,2606,4
3539,2606,5
3540,2607,1
3541,2608,10
3542,2609,3
3543,2609,12
3544,2610,4
3545,2610,5
3546,2611,1
3547,2612,10
3548,2613,3
3549,2613,12
3550,2614,4
3551,2614,5
3552,2615,1
3553,2616,10
3554,2617,3
3555,2617,12
3556,2618,4
3557,2618,5
3558,2619,1
3559,2620,10
3560,2621,4
3561,2621,5
3562,2622,10
3563,2622,1
3564,2623,3
3565,2624,12
3566,2625,4
3567,2625,5
3568,2626,10
3569,2626,1
3570,2627,3
3571,2628,12
3572,2629,4
3573,2629,5
3574,2630,10
3575,2630,1
3576,2631,3
3577,2632,12
3578,2633,4
3579,2633,5
3580,2634,10
3581,2634,1
3582,2635,3
3583,2636,12
3584,2637,4
3585,2637,5
3586,2638,10
3587,2638,1
3588,2639,3
3589,2640,12
3590,2641,4
3591,2641,5
3592,2642,10
3593,2642,1
3594,2643,3
3595,2644,12
3596,2645,4
3597,2645,5
3598,2646,10
3599,2646,1
3600,2647,3
3601,2648,12
3602,2649,10
3603,2650,3
3604,2651,5
3605,2652,6
3606,2653,10
3607,2654,3
3608,2655,5
3609,2656,6
3610,2657,10
3611,2658,3
3612,2659,5
3613,2660,6
3614,2661,10
3615,2662,3
3616,2663,5
3617,2664,6
3618,2665,10
3619,2666,13
3620,2666,1
3621,2667,12
3622,2668,5
3623,2669,10
3624,2670,13
3625,2670,1
3626,2671,12
3627,2672,5
3628,2673,10
3629,2674,13
3630,2674,1
3631,2675,12
3632,2676,5
3633,2677,10
3634,2678,13
3635,2678,1
3636,2679,12
3637,2680,5
3638,2681,10
3639,2682,13
3640,2683,5
3641,2684,12
3642,2685,10
3643,2686,13
3644,2687,5
3645,2688,12
3646,2689,10
3647,2689,3
3648,2690,13
3649,2691,5
3650,2692,12
3651,2692,1
3652,2693,10
3653,2693,3
3654,2694,13
3655,2695,5
3656,2696,12
3657,2696,1
3658,2697,10
3659,2697,5
3660,2698,13
3661,2699,3
3662,2700,12
3663,2700,1
3664,2701,10
3665,2702,13
3666,2703,3
3667,2704,12
3668,2704,1
3669,2705,1
3670,2706,3
3671,2707,10
3672,2708,13
3673,2709,1
3674,2710,3
3675,2711,10
3676,2712,13
3677,2713,1
3678,2714,3
3679,2715,10
3680,2716,13
3681,2717,1
3682,2718,3
3683,2719,10
3684,2720,13
3685,2721,1
3686,2722,3
3687,2723,10
3688,2724,13
3689,2725,1
3690,2726,3
3691,2727,10
3692,2728,13
3693,2729,1
3694,2730,3
3695,2731,10
3696,2732,13
3697,2733,1
3698,2734,3
3699,2735,10
3700,2736,13
3701,2737,1
3702,2738,3
3703,2739,10
3704,2740,13
3705,2741,1
3706,2742,3
3707,2743,10
3708,2744,13
3709,2745,1
3710,2746,3
3711,2747,10
3712,2748,13
3713,2749,1
3714,2750,3
3715,2751,10
3716,2752,13
3717,2753,1
3718,2754,3
3719,2755,10
3720,2756,13
3721,2757,1
3722,2758,3
3723,2759,10
3724,2760,13
3725,2761,1
3726,2762,3
3727,2763,10
3728,2764,13
3729,2765,5
3730,2766,10
3731,2766,4
3732,2767,6
3733,2768,3
3734,2769,5
3735,2770,10
3736,2770,4
3737,2771,6
3738,2772,3
3739,2773,5
3740,2774,10
3741,2774,4
3742,2775,6
3743,2776,3
3744,2777,5
3745,2778,10
3746,2778,4
3747,2779,6
3748,2780,3
3749,2781,5
3750,2782,10
3751,2782,4
3752,2783,6
3753,2784,3
3754,2785,12
3755,2786,5
3756,2787,4
3757,2788,3
3758,2789,12
3759,2790,5
3760,2791,4
3761,2792,3
3762,2793,12
3763,2794,5
3764,2795,4
3765,2796,3
3766,2797,12
3767,2798,5
3768,2799,4
3769,2800,3
3770,2801,12
3771,2802,5
3772,2803,4
3773,2804,3
3774,2805,10
3775,2806,4
3776,2807,12
3777,2808,3
3778,2809,10
3779,2810,4
3780,2811,12
3781,2812,3
3782,2813,10
3783,2814,4
3784,2815,12
3785,2816,3
3786,2817,10
3787,2818,4
3788,2819,12
3789,2820,3
3790,2821,1
3791,2822,10
3792,2823,5
3793,2824,3
3794,2825,1
3795,2826,10
3796,2827,5
3797,2828,3
3798,2829,1
3799,2830,10
3800,2831,5
3801,2832,3
3802,2833,1
3803,2834,10
3804,2835,5
3805,2835,4
3806,2836,3
3807,2837,1
3808,2838,10
3809,2839,5
3810,2839,4
3811,2840,3
3812,2841,1
3813,2842,4
3814,2843,5
3815,2844,3
3816,2845,1
3817,2846,4
3818,2847,5
3819,2848,3
3820,2849,1
3821,2850,4
3822,2851,5
3823,2852,3
3824,2853,1
3825,2854,4
3826,2855,5
3827,2856,3
3828,2857,1
3829,2858,4
3830,2859,5
3831,2860,3
3832,2861,1
3833,2862,4
3834,2863,5
3835,2864,3
3836,2865,1
3837,2866,4
3838,2867,5
3839,2868,3
3840,2869,1
3841,2870,4
3842,2871,5
3843,2872,3
3844,2873,1
3845,2874,4
3846,2875,5
3847,2876,3
3848,2877,1
3849,2878,4
3850,2879,5
3851,2880,3
3852,2881,1
3853,2882,4
3854,2883,5
3855,2884,3
3856,2885,1
3857,2886,4
3858,2887,5
3859,2888,3
3860,2889,1
3861,2890,4
3862,2891,5
3863,2892,3
3864,2893,1
3865,2894,4
3866,2895,5
3867,2896,3
3868,2897,1
3869,2898,4
3870,2899,5
3871,2900,3
3872,2901,10
3873,2902,5
3874,2903,3
3875,2904,8
3876,2905,10
3877,2906,5
3878,2907,3
3879,2908,8
3880,2909,10
3881,2910,5
3882,2911,3
3883,2912,8
3884,2913,10
3885,2914,5
3886,2915,3
3887,2916,8
3888,2917,10
3889,2918,5
3890,2919,3
3891,2920,8
3892,2921,12
3893,2922,5
3894,2923,1
3895,2924,10
3896,2925,12
3897,2926,5
3898,2927,1
3899,2928,10
3900,2929,10
3901,2930,12
3902,2931,6
3903,2932,8
3904,2933,10
3905,2934,12
3906,2935,6
3907,2936,8
3908,2937,10
3909,2938,12
3910,2939,6
3911,2940,8
3912,2941,10
3913,2942,12
3914,2943,6
3915,2944,8
3916,2945,10
3917,2946,12
3918,2947,6
3919,2948,8
3920,2949,10
3921,2950,12
3922,2951,6
3923,2952,8
3924,2953,10
3925,2954,12
3926,2955,6
3927,2956,8
3928,2957,4
3929,2958,8
3930,2958,6
3931,2959,10
3932,2959,12
3933,2960,5
3934,2961,6
3935,2962,8
3936,2963,10
3937,2963,12
3938,2964,5
3939,2965,6
3940,2966,8
3941,2967,10
3942,2967,12
3943,2968,5
3944,2969,6
3945,2970,8
3946,2971,10
3947,2971,12
3948,2972,5
3949,2973,6
3950,2974,8
3951,2975,10
3952,2975,12
3953,2976,5
3954,2977,6
3955,2978,8
3956,2979,10
3957,2979,12
3958,2980,5
3959,2981,6
3960,2982,8
3961,2983,10
3962,2983,12
3963,2984,5
3964,2985,6
3965,2986,8
3966,2987,10
3967,2987,12
3968,2988,5
3969,2989,10
3970,2990,6
3971,2991,8
3972,2992,5
3973,2993,10
3974,2994,6
3975,2995,8
3976,2996,5
3977,2997,10
3978,2998,6
3979,2999,8
3980,3000,5
3981,3001,10
3982,3002,6
3983,3003,8
3984,3004,5
3985,3005,10
3986,3006,6
3987,3007,8
3988,3008,5
3989,3009,10
3990,3010,6
3991,3011,8
3992,3012,5
3993,3013,10
3994,3014,6
3995,3015,8
3996,3016,5
3997,3017,10
3998,3018,6
3999,3019,8
4000,3020,5
4001,3021,10
4002,3022,6
4003,3023,8
4004,3024,5
4005,3025,10
4006,3026,6
4007,3027,8
4008,3028,5
4009,3029,10
4010,3030,6
4011,3031,8
4012,3032,5
4013,3033,10
4014,3034,6
4015,3035,8
4016,3036,5
4017,3037,10
4018,3038,6
4019,3039,8
4020,3040,5
4021,3041,10
4022,3042,6
4023,3043,8
4024,3044,5
4025,3045,10
4026,3046,6
4027,3047,8
4028,3048,5
4029,3049,10
4030,3050,4
4031,3051,13
4032,3052,12
4033,3052,5
4034,3053,10
4035,3054,4
4036,3055,13
4037,3056,12
4038,3056,5
4039,3057,10
4040,3058,4
4041,3059,13
4042,3060,12
4043,3060,5
4044,3061,10
4045,3062,12
4046,3063,13
4047,3064,5
4048,3065,10
4049,3066,12
4050,3067,13
4051,3068,5
4052,3069,5
4053,3070,8
4054,3070,6
4055,3071,10
4056,3072,12
4057,3072,7
4058,3073,5
4059,3074,8
4060,3074,6
4061,3075,10
4062,3076,12
4063,3076,7
4064,3077,5
4065,3078,8
4066,3078,6
4067,3079,10
4068,3080,12
4069,3080,7
4070,3081,5
4071,3082,8
4072,3082,6
4073,3083,10
4074,3084,12
4075,3084,7
4076,3085,5
4077,3086,8
4078,3086,6
4079,3087,10
4080,3088,12
4081,3088,7
4082,3089,6
4083,3089,8
4084,3090,12
4085,3091,5
4086,3092,10
4087,3093,6
4088,3093,8
4089,3094,12
4090,3095,5
4091,3096,10
4092,3097,6
4093,3097,8
4094,3098,12
4095,3099,5
4096,3100,10
4097,3101,6
4098,3101,8
4099,3102,12
4100,3103,5
4101,3104,10
4102,3105,6
4103,3105,8
4104,3106,12
4105,3107,5
4106,3108,10
4107,3109,6
4108,3110,8
4109,3111,10
4110,3112,5
4111,3113,6
4112,3114,8
4113,3115,10
4114,3116,5
4115,3117,6
4116,3118,8
4117,3119,10
4118,3120,5
4119,3121,6
4120,3122,8
4121,3123,10
4122,3124,5
4123,3125,6
4124,3126,8
4125,3127,10
4126,3128,5
4127,3129,6
4128,3130,8
4129,3131,10
4130,3132,5
4131,3133,8
4132,3134,10
4133,3135,5
4134,3136,6
4135,3137,8
4136,3138,1
4137,3139,12
4138,3140,5
4139,3140,6
4140,3141,8
4141,3142,1
4142,3143,12
4143,3144,5
4144,3144,6
4145,3145,8
4146,3146,1
4147,3147,12
4148,3148,5
4149,3148,6
4150,3149,8
4151,3150,1
4152,3151,12
4153,3152,5
4154,3152,6
4155,3153,8
4156,3154,1
4157,3155,12
4158,3156,5
4159,3156,6
4160,3157,5
4161,3157,12
4162,3158,6
4163,3159,8
4164,3160,1
4165,3161,5
4166,3161,12
4167,3162,6
4168,3163,8
4169,3164,1
4170,3165,5
4171,3165,12
4172,3166,6
4173,3167,8
4174,3168,1
4175,3169,5
4176,3169,12
4177,3170,6
4178,3171,8
4179,3172,1
4180,3173,5
4181,3173,12
4182,3174,6
4183,3175,8
4184,3176,1
4185,3177,5
4186,3177,12
4187,3178,6
4188,3179,8
4189,3180,1
4190,3181,5
4191,3181,12
4192,3182,6
4193,3183,8
4194,3184,1
4195,3185,5
4196,3185,12
4197,3186,6
4198,3187,8
4199,3188,1
4200,3189,5
4201,3189,12
4202,3190,6
4203,3191,8
4204,3192,1
4205,3193,5
4206,3193,12
4207,3194,6
4208,3195,8
4209,3196,1
4210,3197,5
4211,3197,12
4212,3198,6
4213,3199,8
4214,3200,1
4215,3201,5
4216,3201,12
4217,3202,6
4218,3203,8
4219,3204,1
4220,3205,5
4221,3205,12
4222,3206,6
4223,3207,8
4224,3208,1
4225,3209,5
4226,3210,6
4227,3210,3
4228,3211,1
4229,3211,4
4230,3212,8
4231,3213,5
4232,3214,6
4233,3214,3
4234,3215,1
4235,3215,4
4236,3216,8
4237,3217,5
4238,3218,6
4239,3218,3
4240,3219,1
4241,3219,4
4242,3220,8
4243,3221,5
4244,3222,6
4245,3222,3
4246,3223,1
4247,3223,4
4248,3224,8
4249,3225,5
4250,3226,6
4251,3226,3
4252,3227,1
4253,3227,4
4254,3228,8
4255,3229,3
4256,3229,1
4257,3230,4
4258,3230,5
4259,3231,6
4260,3232,8
4261,3233,1
4262,3233,12
4263,3234,3
4264,3234,16
4265,3235,4
4266,3235,5
4267,3236,6
4268,3236,8
4269,3237,1
4270,3238,3
4271,3239,4
4272,3239,5
4273,3240,6
4274,3240,8
4275,3241,1
4276,3241,12
4277,3242,3
4278,3243,4
4279,3243,5
4280,3244,6
4281,3244,8
4282,3245,3
4283,3246,4
4284,3246,12
4285,3247,8
4286,3248,5
4287,3248,6
4288,3249,3
4289,3250,4
4290,3250,12
4291,3251,8
4292,3252,5
4293,3252,6
4294,3253,3
4295,3254,4
4296,3254,12
4297,3255,8
4298,3256,5
4299,3256,6
4300,3257,3
4301,3258,4
4302,3258,12
4303,3259,8
4304,3260,5
4305,3260,6
4306,3261,3
4307,3262,4
4308,3262,12
4309,3263,8
4310,3264,5
4311,3264,6
4312,3265,3
4313,3266,4
4314,3266,12
4315,3267,8
4316,3268,5
4317,3268,6
4318,3269,3
4319,3270,4
4320,3270,12
4321,3271,8
4322,3272,5
4323,3272,6
4324,3273,3
4325,3274,4
4326,3274,12
4327,3275,8
4328,3276,5
4329,3276,6
4330,3277,3
4331,3278,4
4332,3278,12
4333,3279,8
4334,3280,5
4335,3280,6
4336,3281,3
4337,3282,4
4338,3282,12
4339,3283,8
4340,3284,5
4341,3284,6
4342,3285,3
4343,3286,4
4344,3286,12
4345,3287,8
4346,3288,5
4347,3288,6
4348,3289,3
4349,3290,4
4350,3290,12
4351,3291,8
4352,3292,5
4353,3292,6
4354,3293,3
4355,3294,4
4356,3294,12
4357,3295,8
4358,3296,5
4359,3296,6
4360,3297,3
4361,3298,4
4362,3298,12
4363,3299,8
4364,3300,5
4365,3300,6
4366,3301,3
4367,3302,4
4368,3302,12
4369,3303,8
4370,3304,5
4371,3304,6
4372,3305,3
4373,3306,4
4374,3306,12
4375,3307,8
4376,3308,5
4377,3308,6
4378,3309,3
4379,3310,4
4380,3310,12
4381,3311,8
4382,3312,5
4383,3312,6
4384,3313,3
4385,3314,12
4386,3315,8
4387,3316,5
4388,3316,6
4389,3317,5
4390,3318,6
4391,3318,8
4392,3319,1
4393,3320,10
4394,3321,5
4395,3322,6
4396,3322,8
4397,3323,1
4398,3324,10
4399,3325,5
4400,3326,6
4401,3326,8
4402,3327,1
4403,3328,10
4404,3329,5
4405,3330,6
4406,3330,8
4407,3331,1
4408,3332,10
4409,3333,5
4410,3334,6
4411,3334,8
4412,3335,1
4413,3336,10
4414,3337,5
4415,3338,6
4416,3338,8
4417,3339,1
4418,3340,10
4419,3341,5
4420,3342,6
4421,3342,8
4422,3343,1
4423,3344,10
4424,3345,5
4425,3346,6
4426,3346,8
4427,3347,1
4428,3348,10
4429,3349,5
4430,3350,10
4431,3350,3
4432,3351,1
4433,3352,6
4434,3352,8
4435,3353,5
4436,3354,10
4437,3354,3
4438,3355,1
4439,3356,6
4440,3356,8
4441,3357,5
4442,3358,10
4443,3358,3
4444,3359,1
4445,3360,6
4446,3360,8
4447,3361,5
4448,3362,10
4449,3362,3
4450,3363,1
4451,3364,6
4452,3364,8
4453,3365,5
4454,3366,10
4455,3366,3
4456,3367,1
4457,3368,6
4458,3368,8
4459,3369,5
4460,3370,10
4461,3370,3
4462,3371,1
4463,3372,6
4464,3372,8
4465,3373,10
4466,3374,12
4467,3375,4
4468,3375,13
4469,3376,3
4470,3377,10
4471,3378,12
4472,3379,4
4473,3379,13
4474,3380,3
4475,3381,5
4476,3382,13
4477,3383,10
4478,3384,3
4479,3385,5
4480,3386,13
4481,3387,10
4482,3388,3
4483,3389,5
4484,3390,13
4485,3391,10
4486,3392,3
4487,3393,5
4488,3394,13
4489,3395,10
4490,3396,3
4491,3397,5
4492,3398,13
4493,3399,10
4494,3400,3
4495,3401,5
4496,3402,13
4497,3403,10
4498,3404,3
4499,3405,5
4500,3406,13
4501,3407,10
4502,3408,3
4503,3409,5
4504,3410,10
4505,3410,6
4506,3411,13
4507,3412,3
4508,3413,5
4509,3414,10
4510,3414,6
4511,3415,13
4512,3416,3
4513,3417,5
4514,3418,10
4515,3418,6
4516,3419,13
4517,3420,3
4518,3421,5
4519,3422,10
4520,3422,6
4521,3423,13
4522,3424,3
4523,3425,5
4524,3426,10
4525,3426,6
4526,3427,13
4527,3428,3
4528,3429,5
4529,3430,10
4530,3430,6
4531,3431,13
4532,3432,3
4533,3433,5
4534,3434,13
4535,3435,6
4536,3436,3
4537,3437,5
4538,3438,13
4539,3439,6
4540,3440,3
4541,3441,5
4542,3442,13
4543,3443,6
4544,3444,3
4545,3445,5
4546,3446,13
4547,3447,6
4548,3448,3
4549,3449,5
4550,3450,13
4551,3451,6
4552,3452,3
4553,3453,5
4554,3453,10
4555,3454,6
4556,3454,8
4557,3455,16
4558,3455,4
4559,3456,13
4560,3456,3
4561,3457,5
4562,3457,10
4563,3458,6
4564,3458,8
4565,3459,16
4566,3459,4
4567,3460,13
4568,3460,3
4569,3461,5
4570,3461,10
4571,3462,6
4572,3462,8
4573,3463,4
4574,3464,13
4575,3464,3
4576,3465,5
4577,3465,10
4578,3466,6
4579,3466,8
4580,3467,4
4581,3468,13
4582,3468,3
4583,3469,10
4584,3470,8
4585,3471,6
4586,3472,5
4587,3472,12
4588,3473,10
4589,3474,8
4590,3475,6
4591,3476,5
4592,3476,12
4593,3477,10
4594,3478,8
4595,3479,6
4596,3480,5
4597,3480,12
4598,3481,10
4599,3482,8
4600,3483,6
4601,3484,5
4602,3484,12
4603,3485,10
4604,3486,8
4605,3487,6
4606,3488,5
4607,3488,12
4608,3489,8
4609,3489,6
4610,3490,5
4611,3490,4
4612,3491,12
4613,3492,10
4614,3493,8
4615,3493,6
4616,3494,5
4617,3495,12
4618,3496,10
4619,3497,8
4620,3497,6
4621,3498,5
4622,3499,12
4623,3500,10
4624,3501,8
4625,3501,6
4626,3502,5
4627,3503,12
4628,3504,10
4629,3505,6
4630,3506,1
4631,3507,5
4632,3508,10
4633,3509,6
4634,3509,8
4635,3510,1
4636,3511,5
4637,3512,10
4638,3513,6
4639,3513,8
4640,3514,1
4641,3515,5
4642,3516,10
4643,3517,6
4644,3517,8
4645,3518,1
4646,3519,5
4647,3519,13
4648,3520,10
4649,3521,6
4650,3521,8
4651,3522,1
4652,3523,5
4653,3523,13
4654,3524,10
4655,3525,6
4656,3525,8
4657,3526,1
4658,3527,5
4659,3528,10
4660,3529,6
4661,3529,8
4662,3530,1
4663,3531,5
4664,3532,10
4665,3533,12
4666,3534,3
4667,3535,8
4668,3536,5
4669,3537,12
4670,3537,10
4671,3538,3
4672,3538,1
4673,3539,8
4674,3539,6
4675,3540,5
4676,3541,12
4677,3541,10
4678,3542,3
4679,3542,1
4680,3543,8
4681,3543,6
4682,3544,5
4683,3545,12
4684,3545,10
4685,3546,3
4686,3546,1
4687,3547,8
4688,3547,6
4689,3548,5
4690,3549,12
4691,3549,10
4692,3550,3
4693,3550,1
4694,3551,8
4695,3551,6
4696,3552,5
4697,3553,10
4698,3554,5
4699,3555,12
4700,3556,6
4701,3556,8
4702,3557,10
4703,3558,5
4704,3559,12
4705,3560,6
4706,3560,8
4707,3561,10
4708,3562,5
4709,3563,12
4710,3564,6
4711,3564,8
4712,3565,4
4713,3566,5
4714,3567,13
4715,3568,3
4716,3569,10
4717,3569,6
4718,3570,3
4719,3571,12
4720,3572,8
4721,3573,10
4722,3574,3
4723,3575,12
4724,3576,8
4725,3576,6
4726,3577,10
4727,3577,6
4728,3578,12
4729,3579,5
4730,3580,8
4731,3581,10
4732,3582,5
4733,3583,8
4734,3584,6
4735,3585,10
4736,3586,5
4737,3587,8
4738,3588,6
4739,3589,10
4740,3590,5
4741,3591,8
4742,3592,6
4743,3593,4
4744,3594,12
4745,3595,13
4746,3596,3
4747,3597,4
4748,3597,6
4749,3598,12
4750,3598,5
4751,3599,13
4752,3599,8
4753,3600,3
4754,3600,10
4755,3601,4
4756,3601,6
4757,3602,12
4758,3602,5
4759,3603,8
4760,3604,3
4761,3604,10
4762,3605,4
4763,3605,6
4764,3606,12
4765,3606,5
4766,3607,8
4767,3608,3
4768,3608,10
4769,3609,10
4770,3610,4
4771,3610,3
4772,3611,5
4773,3612,8
4774,3613,10
4775,3614,4
4776,3614,3
4777,3615,5
4778,3616,8
4779,3617,10
4780,3618,4
4781,3618,3
4782,3619,5
4783,3620,8
4784,3621,10
4785,3622,4
4786,3622,3
4787,3623,5
4788,3624,8
4789,3625,10
4790,3626,4
4791,3626,3
4792,3627,5
4793,3628,8
4794,3629,13
4795,3629,4
4796,3630,10
4797,3631,6
4798,3631,12
4799,3632,3
4800,3632,8
4801,3633,13
4802,3634,10
4803,3635,6
4804,3635,12
4805,3636,3
4806,3636,8
4807,3637,13
4808,3638,10
4809,3639,6
4810,3639,12
4811,3640,3
4812,3640,8
4813,3641,8
4814,3642,10
4815,3643,6
4816,3643,12
4817,3644,3
4818,3645,8
4819,3646,10
4820,3647,6
4821,3647,12
4822,3648,3
4823,3649,8
4824,3650,10
4825,3651,6
4826,3651,12
4827,3652,3
4828,3653,10
4829,3654,6
4830,3655,5
4831,3656,3
4832,3657,10
4833,3658,6
4834,3659,5
4835,3660,3
4836,3661,3
4837,3662,6
4838,3662,12
4839,3663,5
4840,3664,10
4841,3665,3
4842,3666,6
4843,3666,12
4844,3667,5
4845,3668,10
4846,3669,6
4847,3670,12
4848,3671,5
4849,3672,10
4850,3673,6
4851,3674,12
4852,3675,5
4853,3676,10
4854,3677,6
4855,3678,12
4856,3679,5
4857,3680,10
4858,3681,6
4859,3682,12
4860,3683,5
4861,3684,10
4862,3685,10
4863,3686,5
4864,3687,6
4865,3688,8
4866,3689,10
4867,3690,5
4868,3691,6
4869,3692,8
4870,3693,10
4871,3694,5
4872,3695,6
4873,3696,8
4874,3697,10
4875,3698,5
4876,3699,6
4877,3700,8
4878,3701,6
4879,3702,12
4880,3703,5
4881,3704,10
4882,3705,6
4883,3706,12
4884,3707,5
4885,3708,10
4886,3709,6
4887,3710,12
4888,3711,5
4889,3712,10
4890,3713,6
4891,3714,12
4892,3715,5
4893,3716,10
4894,3717,4
4895,3718,5
4896,3719,6
4897,3720,3
4898,3721,4
4899,3722,5
4900,3723,6
4901,3724,3
4902,3725,4
4903,3726,5
4904,3727,6
4905,3728,3
4906,3729,4
4907,3730,5
4908,3731,6
4909,3732,3
4910,3733,13
4911,3733,4
4912,3734,12
4913,3734,10
4914,3735,8
4915,3735,6
4916,3736,5
4917,3736,3
4918,3737,13
4919,3737,4
4920,3738,12
4921,3738,10
4922,3739,8
4923,3739,6
4924,3740,5
4925,3740,3
4926,3741,13
4927,3741,4
4928,3742,12
4929,3742,10
4930,3743,8
4931,3743,6
4932,3744,5
4933,3744,3
4934,3745,13
4935,3745,4
4936,3746,12
4937,3746,10
4938,3747,8
4939,3747,6
4940,3748,5
4941,3748,3
4942,3749,6
4943,3750,8
4944,3751,4
4945,3751,13
4946,3752,5
4947,3753,6
4948,3754,8
4949,3755,4
4950,3756,13
4951,3757,6
4952,3758,8
4953,3759,4
4954,3760,13
4955,3761,13
4956,3762,6
4957,3763,8
4958,3764,4
4959,3765,10
4960,3766,3
4961,3767,6
4962,3768,5
4963,3769,10
4964,3770,3
4965,3771,6
4966,3772,5
4967,3773,10
4968,3774,3
4969,3775,6
4970,3776,5
4971,3777,10
4972,3778,3
4973,3779,6
4974,3780,5
4975,3781,12
4976,3781,10
4977,3782,3
4978,3782,13
4979,3783,8
4980,3783,6
4981,3784,4
4982,3784,5
4983,3785,12
4984,3785,10
4985,3786,3
4986,3786,13
4987,3787,8
4988,3787,6
4989,3788,4
4990,3788,5
4991,3789,6
4992,3790,5
4993,3791,4
4994,3791,10
4995,3792,3
4996,3793,6
4997,3794,5
4998,3795,4
4999,3795,10
5000,3796,3
5001,3797,6
5002,3798,5
5003,3799,4
5004,3799,10
5005,3800,3
5006,3801,6
5007,3802,5
5008,3803,4
5009,3803,10
5010,3804,3
