team_round_id,team_id,round_id
1,1,1
2,2,1
3,3,1
4,4,1
5,5,2
6,6,2
7,7,2
8,8,2
9,9,3
10,10,3
11,11,3
12,12,3
13,13,4
14,14,4
15,15,4
16,16,4
17,17,5
18,18,5
19,19,5
20,20,5
21,21,6
22,22,6
23,23,6
24,24,6
25,25,7
26,26,7
27,27,7
28,28,7
29,29,8
30,30,8
31,31,8
32,32,8
33,33,9
34,34,9
35,35,9
36,36,9
37,37,10
38,38,10
39,39,10
40,40,10
41,41,11
42,42,11
43,43,11
44,44,11
45,45,12
46,46,12
47,47,12
48,48,12
49,49,13
50,50,13
51,51,13
52,52,13
53,53,14
54,54,14
55,55,14
56,56,14
57,57,15
58,58,15
59,59,15
60,60,15
61,61,16
62,62,16
63,63,16
64,64,16
65,65,17
66,66,17
67,67,17
68,68,17
69,69,18
70,70,18
71,71,18
72,72,18
73,73,19
74,74,19
75,75,19
76,76,19
77,77,20
78,78,20
79,79,20
80,80,20
81,81,21
82,82,21
83,83,21
84,84,21
85,85,22
86,86,22
87,87,22
88,88,22
89,89,23
90,90,23
91,91,23
92,92,23
93,93,24
94,94,24
95,95,24
96,96,24
97,97,25
98,98,25
99,99,25
100,100,25
101,101,26
102,102,26
103,103,26
104,104,26
105,105,27
106,106,27
107,107,27
108,108,27
109,109,28
110,110,28
111,111,28
112,112,28
113,113,29
114,114,29
115,115,29
116,116,29
117,117,30
118,118,30
119,119,30
120,120,30
121,121,31
122,122,31
123,123,31
124,124,31
125,125,32
126,126,32
127,127,32
128,128,32
129,129,33
130,130,33
131,131,33
132,132,33
133,133,34
134,134,34
135,135,34
136,136,34
137,137,35
138,138,35
139,139,35
140,140,35
141,141,36
142,142,36
143,143,36
144,144,36
145,145,37
146,146,37
147,147,37
148,148,37
149,149,38
150,150,38
151,151,38
152,152,38
153,153,39
154,154,39
155,155,39
156,156,39
157,157,40
158,158,40
159,159,40
160,160,40
161,161,41
162,162,41
163,163,41
164,164,41
165,165,42
166,166,42
167,167,42
168,168,42
169,169,43
170,170,43
171,171,43
172,172,43
173,173,44
174,174,44
175,175,44
176,176,44
177,177,45
178,178,45
179,179,45
180,180,45
181,181,46
182,182,46
183,183,46
184,184,46
185,185,47
186,186,47
187,187,47
188,188,47
189,189,48
190,190,48
191,191,48
192,192,48
193,193,49
194,194,49
195,195,49
196,196,49
197,197,50
198,198,50
199,199,50
200,200,50
201,201,51
202,202,51
203,203,51
204,204,51
205,205,52
206,206,52
207,207,52
208,208,52
209,209,53
210,210,53
211,211,53
212,212,53
213,213,54
214,214,54
215,215,54
216,216,54
217,217,55
218,218,55
219,219,55
220,220,55
221,221,56
222,222,56
223,223,56
224,224,56
225,225,57
226,226,57
227,227,57
228,228,57
229,229,58
230,230,58
231,231,58
232,232,58
233,233,59
234,234,59
235,235,59
236,236,59
237,237,60
238,238,60
239,239,60
240,240,60
241,241,61
242,242,61
243,243,61
244,244,61
245,245,62
246,246,62
247,247,62
248,248,62
249,249,63
250,250,63
251,251,63
252,252,63
253,253,64
254,254,64
255,255,64
256,256,64
257,257,65
258,258,65
259,259,65
260,260,65
261,261,66
262,262,66
263,263,66
264,264,66
265,265,67
266,266,67
267,267,67
268,268,67
269,269,68
270,270,68
271,271,68
272,272,68
273,273,69
274,274,69
275,275,69
276,276,69
277,277,70
278,278,70
279,279,70
280,280,70
281,281,71
282,282,71
283,283,71
284,284,71
285,285,72
286,286,72
287,287,72
288,288,72
289,289,73
290,290,73
291,291,73
292,292,73
293,293,74
294,294,74
295,295,74
296,296,74
297,297,75
298,298,75
299,299,75
300,300,75
301,301,76
302,302,76
303,303,76
304,304,76
305,305,77
306,306,77
307,307,77
308,308,77
309,309,78
310,310,78
311,311,78
312,312,78
313,313,79
314,314,79
315,315,79
316,316,79
317,317,80
318,318,80
319,319,80
320,320,80
321,321,81
322,322,81
323,323,81
324,324,81
325,325,82
326,326,82
327,327,82
328,328,82
329,329,83
330,330,83
331,331,83
332,332,83
333,333,84
334,334,84
335,335,84
336,336,84
337,337,85
338,338,85
339,339,85
340,340,85
341,341,86
342,342,86
343,343,86
344,344,86
345,345,87
346,346,87
347,347,87
348,348,87
349,349,88
350,350,88
351,351,88
352,352,88
353,353,89
354,354,89
355,355,89
356,356,89
357,357,90
358,358,90
359,359,90
360,360,90
361,361,91
362,362,91
363,363,91
364,364,91
365,365,92
366,366,92
367,367,92
368,368,92
369,369,93
370,370,93
371,371,93
372,372,93
373,373,94
374,374,94
375,375,94
376,376,94
377,377,95
378,378,95
379,379,95
380,380,95
381,381,96
382,382,96
383,383,96
384,384,96
385,385,97
386,386,97
387,387,97
388,388,97
389,389,98
390,390,98
391,391,98
392,392,98
393,393,99
394,394,99
395,395,99
396,396,99
397,397,100
398,398,100
399,399,100
400,400,100
401,401,101
402,402,101
403,403,101
404,404,101
405,405,102
406,406,102
407,407,102
408,408,102
409,409,103
410,410,103
411,411,103
412,412,103
413,413,104
414,414,104
415,415,104
416,416,104
417,417,105
418,418,105
419,419,105
420,420,105
421,421,106
422,422,106
423,423,106
424,424,106
425,425,107
426,426,107
427,427,107
428,428,107
429,429,108
430,430,108
431,431,108
432,432,108
433,433,109
434,434,109
435,435,109
436,436,109
437,437,110
438,438,110
439,439,110
440,440,110
441,441,111
442,442,111
443,443,111
444,444,111
445,445,112
446,446,112
447,447,112
448,448,112
449,449,113
450,450,113
451,451,113
452,452,113
453,453,114
454,454,114
455,455,114
456,456,114
457,457,115
458,458,115
459,459,115
460,460,115
461,461,116
462,462,116
463,463,116
464,464,116
465,465,117
466,466,117
467,467,117
468,468,117
469,469,118
470,470,118
471,471,118
472,472,118
473,473,119
474,474,119
475,475,119
476,476,119
477,477,120
478,478,120
479,479,120
480,480,120
481,481,121
482,482,121
483,483,121
484,484,121
485,485,122
486,486,122
487,487,122
488,488,122
489,489,123
490,490,123
491,491,123
492,492,123
493,493,124
494,494,124
495,495,124
496,496,124
497,497,125
498,498,125
499,499,125
500,500,125
501,501,126
502,502,126
503,503,126
504,504,126
505,505,127
506,506,127
507,507,127
508,508,127
509,509,128
510,510,128
511,511,128
512,512,128
513,513,129
514,514,129
515,515,129
516,516,129
517,517,130
518,518,130
519,519,130
520,520,130
521,521,131
522,522,131
523,523,131
524,524,131
525,525,132
526,526,132
527,527,132
528,528,132
529,529,133
530,530,133
531,531,133
532,532,133
533,533,134
534,534,134
535,535,134
536,536,134
537,537,135
538,538,135
539,539,135
540,540,135
541,541,136
542,542,136
543,543,136
544,544,136
545,545,137
546,546,137
547,547,137
548,548,137
549,549,138
550,550,138
551,551,138
552,552,138
553,553,139
554,554,139
555,555,139
556,556,139
557,557,140
558,558,140
559,559,140
560,560,140
561,561,141
562,562,141
563,563,141
564,564,141
565,565,142
566,566,142
567,567,142
568,568,142
569,569,143
570,570,143
571,571,143
572,572,143
573,573,144
574,574,144
575,575,144
576,576,144
577,577,145
578,578,145
579,579,145
580,580,145
581,581,146
582,582,146
583,583,146
584,584,146
585,585,147
586,586,147
587,587,147
588,588,147
589,589,148
590,590,148
591,591,148
592,592,148
593,593,149
594,594,149
595,595,149
596,596,149
597,597,150
598,598,150
599,599,150
600,600,150
601,601,151
602,602,151
603,603,151
604,604,151
605,605,152
606,606,152
607,607,152
608,608,152
609,609,153
610,610,153
611,611,153
612,612,153
613,613,154
614,614,154
615,615,154
616,616,154
617,617,155
618,618,155
619,619,155
620,620,155
621,621,156
622,622,156
623,623,156
624,624,156
625,625,157
626,626,157
627,627,157
628,628,157
629,629,158
630,630,158
631,631,158
632,632,158
633,633,159
634,634,159
635,635,159
636,636,159
637,637,160
638,638,160
639,639,160
640,640,160
641,641,161
642,642,161
643,643,161
644,644,161
645,645,162
646,646,162
647,647,162
648,648,162
649,649,163
650,650,163
651,651,163
652,652,163
653,653,164
654,654,164
655,655,164
656,656,164
657,657,165
658,658,165
659,659,165
660,660,165
661,661,166
662,662,166
663,663,166
664,664,166
665,665,167
666,666,167
667,667,167
668,668,167
669,669,168
670,670,168
671,671,168
672,672,168
673,673,169
674,674,169
675,675,169
676,676,169
677,677,170
678,678,170
679,679,170
680,680,170
681,681,171
682,682,171
683,683,171
684,684,171
685,685,172
686,686,172
687,687,172
688,688,172
689,689,173
690,690,173
691,691,173
692,692,173
693,693,174
694,694,174
695,695,174
696,696,174
697,697,175
698,698,175
699,699,175
700,700,175
701,701,176
702,702,176
703,703,176
704,704,176
705,705,177
706,706,177
707,707,177
708,708,177
709,709,178
710,710,178
711,711,178
712,712,178
713,713,179
714,714,179
715,715,179
716,716,179
717,717,180
718,718,180
719,719,180
720,720,180
721,721,181
722,722,181
723,723,181
724,724,181
725,725,182
726,726,182
727,727,182
728,728,182
729,729,183
730,730,183
731,731,183
732,732,183
733,733,184
734,734,184
735,735,184
736,736,184
737,737,185
738,738,185
739,739,185
740,740,185
741,741,186
742,742,186
743,743,186
744,744,186
745,745,187
746,746,187
747,747,187
748,748,187
749,749,188
750,750,188
751,751,188
752,752,188
753,753,189
754,754,189
755,755,189
756,756,189
757,757,190
758,758,190
759,759,190
760,760,190
761,761,191
762,762,191
763,763,191
764,764,191
765,765,192
766,766,192
767,767,192
768,768,192
769,769,193
770,770,193
771,771,193
772,772,193
773,773,194
774,774,194
775,775,194
776,776,194
777,777,195
778,778,195
779,779,195
780,780,195
781,781,196
782,782,196
783,783,196
784,784,196
785,785,197
786,786,197
787,787,197
788,788,197
789,789,198
790,790,198
791,791,198
792,792,198
793,793,199
794,794,199
795,795,199
796,796,199
797,797,200
798,798,200
799,799,200
800,800,200
801,801,201
802,802,201
803,803,201
804,804,201
805,805,202
806,806,202
807,807,202
808,808,202
809,809,203
810,810,203
811,811,203
812,812,203
813,813,204
814,814,204
815,815,204
816,816,204
817,817,205
818,818,205
819,819,205
820,820,205
821,821,206
822,822,206
823,823,206
824,824,206
825,825,207
826,826,207
827,827,207
828,828,207
829,829,208
830,830,208
831,831,208
832,832,208
833,833,209
834,834,209
835,835,209
836,836,209
837,837,210
838,838,210
839,839,210
840,840,210
841,841,211
842,842,211
843,843,211
844,844,211
845,845,212
846,846,212
847,847,212
848,848,212
849,849,213
850,850,213
851,851,213
852,852,213
853,853,214
854,854,214
855,855,214
856,856,214
857,857,215
858,858,215
859,859,215
860,860,215
861,861,216
862,862,216
863,863,216
864,864,216
865,865,217
866,866,217
867,867,217
868,868,217
869,869,218
870,870,218
871,871,218
872,872,218
873,873,219
874,874,219
875,875,219
876,876,219
877,877,220
878,878,220
879,879,220
880,880,220
881,881,221
882,882,221
883,883,221
884,884,221
885,885,222
886,886,222
887,887,222
888,888,222
889,889,223
890,890,223
891,891,223
892,892,223
893,893,224
894,894,224
895,895,224
896,896,224
897,897,225
898,898,225
899,899,225
900,900,225
901,901,226
902,902,226
903,903,226
904,904,226
905,905,227
906,906,227
907,907,227
908,908,227
909,909,228
910,910,228
911,911,228
912,912,228
913,913,229
914,914,229
915,915,229
916,916,229
917,917,230
918,918,230
919,919,230
920,920,230
921,921,231
922,922,231
923,923,231
924,924,231
925,925,232
926,926,232
927,927,232
928,928,232
929,929,233
930,930,233
931,931,233
932,932,233
933,933,234
934,934,234
935,935,234
936,936,234
937,937,235
938,938,235
939,939,235
940,940,235
941,941,236
942,942,236
943,943,236
944,944,236
945,945,237
946,946,237
947,947,237
948,948,237
949,949,238
950,950,238
951,951,238
952,952,238
953,953,239
954,954,239
955,955,239
956,956,239
957,957,240
958,958,240
959,959,240
960,960,240
961,961,241
962,962,241
963,963,241
964,964,241
965,965,242
966,966,242
967,967,242
968,968,242
969,969,243
970,970,243
971,971,243
972,972,243
973,973,244
974,974,244
975,975,244
976,976,244
977,977,245
978,978,245
979,979,245
980,980,245
981,981,246
982,982,246
983,983,246
984,984,246
985,985,247
986,986,247
987,987,247
988,988,247
989,989,248
990,990,248
991,991,248
992,992,248
993,993,249
994,994,249
995,995,249
996,996,249
997,997,250
998,998,250
999,999,250
1000,1000,250
1001,1001,251
1002,1002,251
1003,1003,251
1004,1004,251
1005,1005,252
1006,1006,252
1007,1007,252
1008,1008,252
1009,1009,253
1010,1010,253
1011,1011,253
1012,1012,253
1013,1013,254
1014,1014,254
1015,1015,254
1016,1016,254
1017,1017,255
1018,1018,255
1019,1019,255
1020,1020,255
1021,1021,256
1022,1022,256
1023,1023,256
1024,1024,256
1025,1025,257
1026,1026,257
1027,1027,257
1028,1028,257
1029,1029,258
1030,1030,258
1031,1031,258
1032,1032,258
1033,1033,259
1034,1034,259
1035,1035,259
1036,1036,259
1037,1037,260
1038,1038,260
1039,1039,260
1040,1040,260
1041,1041,261
1042,1042,261
1043,1043,261
1044,1044,261
1045,1045,262
1046,1046,262
1047,1047,262
1048,1048,262
1049,1049,263
1050,1050,263
1051,1051,263
1052,1052,263
1053,1053,264
1054,1054,264
1055,1055,264
1056,1056,264
1057,1057,265
1058,1058,265
1059,1059,265
1060,1060,265
1061,1061,266
1062,1062,266
1063,1063,266
1064,1064,266
1065,1065,267
1066,1066,267
1067,1067,267
1068,1068,267
1069,1069,268
1070,1070,268
1071,1071,268
1072,1072,268
1073,1073,269
1074,1074,269
1075,1075,269
1076,1076,269
1077,1077,270
1078,1078,270
1079,1079,270
1080,1080,270
1081,1081,271
1082,1082,271
1083,1083,271
1084,1084,271
1085,1085,272
1086,1086,272
1087,1087,272
1088,1088,272
1089,1089,273
1090,1090,273
1091,1091,273
1092,1092,273
1093,1093,274
1094,1094,274
1095,1095,274
1096,1096,274
1097,1097,275
1098,1098,275
1099,1099,275
1100,1100,275
1101,1101,276
1102,1102,276
1103,1103,276
1104,1104,276
1105,1105,277
1106,1106,277
1107,1107,277
1108,1108,277
1109,1109,278
1110,1110,278
1111,1111,278
1112,1112,278
1113,1113,279
1114,1114,279
1115,1115,279
1116,1116,279
1117,1117,280
1118,1118,280
1119,1119,280
1120,1120,280
1121,1121,281
1122,1122,281
1123,1123,281
1124,1124,281
1125,1125,282
1126,1126,282
1127,1127,282
1128,1128,282
1129,1129,283
1130,1130,283
1131,1131,283
1132,1132,283
1133,1133,284
1134,1134,284
1135,1135,284
1136,1136,284
1137,1137,285
1138,1138,285
1139,1139,285
1140,1140,285
1141,1141,286
1142,1142,286
1143,1143,286
1144,1144,286
1145,1145,287
1146,1146,287
1147,1147,287
1148,1148,287
1149,1149,288
1150,1150,288
1151,1151,288
1152,1152,288
1153,1153,289
1154,1154,289
1155,1155,289
1156,1156,289
1157,1157,290
1158,1158,290
1159,1159,290
1160,1160,290
1161,1161,291
1162,1162,291
1163,1163,291
1164,1164,291
1165,1165,292
1166,1166,292
1167,1167,292
1168,1168,292
1169,1169,293
1170,1170,293
1171,1171,293
1172,1172,293
1173,1173,294
1174,1174,294
1175,1175,294
1176,1176,294
1177,1177,295
1178,1178,295
1179,1179,295
1180,1180,295
1181,1181,296
1182,1182,296
1183,1183,296
1184,1184,296
1185,1185,297
1186,1186,297
1187,1187,297
1188,1188,297
1189,1189,298
1190,1190,298
1191,1191,298
1192,1192,298
1193,1193,299
1194,1194,299
1195,1195,299
1196,1196,299
1197,1197,300
1198,1198,300
1199,1199,300
1200,1200,300
1201,1201,301
1202,1202,301
1203,1203,301
1204,1204,301
1205,1205,302
1206,1206,302
1207,1207,302
1208,1208,302
1209,1209,303
1210,1210,303
1211,1211,303
1212,1212,303
1213,1213,304
1214,1214,304
1215,1215,304
1216,1216,304
1217,1217,305
1218,1218,305
1219,1219,305
1220,1220,305
1221,1221,306
1222,1222,306
1223,1223,306
1224,1224,306
1225,1225,307
1226,1226,307
1227,1227,307
1228,1228,307
1229,1229,308
1230,1230,308
1231,1231,308
1232,1232,308
1233,1233,309
1234,1234,309
1235,1235,309
1236,1236,309
1237,1237,310
1238,1238,310
1239,1239,310
1240,1240,310
1241,1241,311
1242,1242,311
1243,1243,311
1244,1244,311
1245,1245,312
1246,1246,312
1247,1247,312
1248,1248,312
1249,1249,313
1250,1250,313
1251,1251,313
1252,1252,313
1253,1253,314
1254,1254,314
1255,1255,314
1256,1256,314
1257,1257,315
1258,1258,315
1259,1259,315
1260,1260,315
1261,1261,316
1262,1262,316
1263,1263,316
1264,1264,316
1265,1265,317
1266,1266,317
1267,1267,317
1268,1268,317
1269,1269,318
1270,1270,318
1271,1271,318
1272,1272,318
1273,1273,319
1274,1274,319
1275,1275,319
1276,1276,319
1277,1277,320
1278,1278,320
1279,1279,320
1280,1280,320
1281,1281,321
1282,1282,321
1283,1283,321
1284,1284,321
1285,1285,322
1286,1286,322
1287,1287,322
1288,1288,322
1289,1289,323
1290,1290,323
1291,1291,323
1292,1292,323
1293,1293,324
1294,1294,324
1295,1295,324
1296,1296,324
1297,1297,325
1298,1298,325
1299,1299,325
1300,1300,325
1301,1301,326
1302,1302,326
1303,1303,326
1304,1304,326
1305,1305,327
1306,1306,327
1307,1307,327
1308,1308,327
1309,1309,328
1310,1310,328
1311,1311,328
1312,1312,328
1313,1313,329
1314,1314,329
1315,1315,329
1316,1316,329
1317,1317,330
1318,1318,330
1319,1319,330
1320,1320,330
1321,1321,331
1322,1322,331
1323,1323,331
1324,1324,331
1325,1325,332
1326,1326,332
1327,1327,332
1328,1328,332
1329,1329,333
1330,1330,333
1331,1331,333
1332,1332,333
1333,1333,334
1334,1334,334
1335,1335,334
1336,1336,334
1337,1337,335
1338,1338,335
1339,1339,335
1340,1340,335
1341,1341,336
1342,1342,336
1343,1343,336
1344,1344,336
1345,1345,337
1346,1346,337
1347,1347,337
1348,1348,337
1349,1349,338
1350,1350,338
1351,1351,338
1352,1352,338
1353,1353,339
1354,1354,339
1355,1355,339
1356,1356,339
1357,1357,340
1358,1358,340
1359,1359,340
1360,1360,340
1361,1361,341
1362,1362,341
1363,1363,341
1364,1364,341
1365,1365,342
1366,1366,342
1367,1367,342
1368,1368,342
1369,1369,343
1370,1370,343
1371,1371,343
1372,1372,343
1373,1373,344
1374,1374,344
1375,1375,344
1376,1376,344
1377,1377,345
1378,1378,345
1379,1379,345
1380,1380,345
1381,1381,346
1382,1382,346
1383,1383,346
1384,1384,346
1385,1385,347
1386,1386,347
1387,1387,347
1388,1388,347
1389,1389,348
1390,1390,348
1391,1391,348
1392,1392,348
1393,1393,349
1394,1394,349
1395,1395,349
1396,1396,349
1397,1397,350
1398,1398,350
1399,1399,350
1400,1400,350
1401,1401,351
1402,1402,351
1403,1403,351
1404,1404,351
1405,1405,352
1406,1406,352
1407,1407,352
1408,1408,352
1409,1409,353
1410,1410,353
1411,1411,353
1412,1412,353
1413,1413,354
1414,1414,354
1415,1415,354
1416,1416,354
1417,1417,355
1418,1418,355
1419,1419,355
1420,1420,355
1421,1421,356
1422,1422,356
1423,1423,356
1424,1424,356
1425,1425,357
1426,1426,357
1427,1427,357
1428,1428,357
1429,1429,358
1430,1430,358
1431,1431,358
1432,1432,358
1433,1433,359
1434,1434,359
1435,1435,359
1436,1436,359
1437,1437,360
1438,1438,360
1439,1439,360
1440,1440,360
1441,1441,361
1442,1442,361
1443,1443,361
1444,1444,361
1445,1445,362
1446,1446,362
1447,1447,362
1448,1448,362
1449,1449,363
1450,1450,363
1451,1451,363
1452,1452,363
1453,1453,364
1454,1454,364
1455,1455,364
1456,1456,364
1457,1457,365
1458,1458,365
1459,1459,365
1460,1460,365
1461,1461,366
1462,1462,366
1463,1463,366
1464,1464,366
1465,1465,367
1466,1466,367
1467,1467,367
1468,1468,367
1469,1469,368
1470,1470,368
1471,1471,368
1472,1472,368
1473,1473,369
1474,1474,369
1475,1475,369
1476,1476,369
1477,1477,370
1478,1478,370
1479,1479,370
1480,1480,370
1481,1481,371
1482,1482,371
1483,1483,371
1484,1484,371
1485,1485,372
1486,1486,372
1487,1487,372
1488,1488,372
1489,1489,373
1490,1490,373
1491,1491,373
1492,1492,373
1493,1493,374
1494,1494,374
1495,1495,374
1496,1496,374
1497,1497,375
1498,1498,375
1499,1499,375
1500,1500,375
1501,1501,376
1502,1502,376
1503,1503,376
1504,1504,376
1505,1505,377
1506,1506,377
1507,1507,377
1508,1508,377
1509,1509,378
1510,1510,378
1511,1511,378
1512,1512,378
1513,1513,379
1514,1514,379
1515,1515,379
1516,1516,379
1517,1517,380
1518,1518,380
1519,1519,380
1520,1520,380
1521,1521,381
1522,1522,381
1523,1523,381
1524,1524,381
1525,1525,382
1526,1526,382
1527,1527,382
1528,1528,382
1529,1529,383
1530,1530,383
1531,1531,383
1532,1532,383
1533,1533,384
1534,1534,384
1535,1535,384
1536,1536,384
1537,1537,385
1538,1538,385
1539,1539,385
1540,1540,385
1541,1541,386
1542,1542,386
1543,1543,386
1544,1544,386
1545,1545,387
1546,1546,387
1547,1547,387
1548,1548,387
1549,1549,388
1550,1550,388
1551,1551,388
1552,1552,388
1553,1553,389
1554,1554,389
1555,1555,389
1556,1556,389
1557,1557,390
1558,1558,390
1559,1559,390
1560,1560,390
1561,1561,391
1562,1562,391
1563,1563,391
1564,1564,391
1565,1565,392
1566,1566,392
1567,1567,392
1568,1568,392
1569,1569,393
1570,1570,393
1571,1571,393
1572,1572,393
1573,1573,394
1574,1574,394
1575,1575,394
1576,1576,394
1577,1577,395
1578,1578,395
1579,1579,395
1580,1580,395
1581,1581,396
1582,1582,396
1583,1583,396
1584,1584,396
1585,1585,397
1586,1586,397
1587,1587,397
1588,1588,397
1589,1589,398
1590,1590,398
1591,1591,398
1592,1592,398
1593,1593,399
1594,1594,399
1595,1595,399
1596,1596,399
1597,1597,400
1598,1598,400
1599,1599,400
1600,1600,400
1601,1601,401
1602,1602,401
1603,1603,401
1604,1604,401
1605,1605,402
1606,1606,402
1607,1607,402
1608,1608,402
1609,1609,403
1610,1610,403
1611,1611,403
1612,1612,403
1613,1613,404
1614,1614,404
1615,1615,404
1616,1616,404
1617,1617,405
1618,1618,405
1619,1619,405
1620,1620,405
1621,1621,406
1622,1622,406
1623,1623,406
1624,1624,406
1625,1625,407
1626,1626,407
1627,1627,407
1628,1628,407
1629,1629,408
1630,1630,408
1631,1631,408
1632,1632,408
1633,1633,409
1634,1634,409
1635,1635,409
1636,1636,409
1637,1637,410
1638,1638,410
1639,1639,410
1640,1640,410
1641,1641,411
1642,1642,411
1643,1643,411
1644,1644,411
1645,1645,412
1646,1646,412
1647,1647,412
1648,1648,412
1649,1649,413
1650,1650,413
1651,1651,413
1652,1652,413
1653,1653,414
1654,1654,414
1655,1655,414
1656,1656,414
1657,1657,415
1658,1658,415
1659,1659,415
1660,1660,415
1661,1661,416
1662,1662,416
1663,1663,416
1664,1664,416
1665,1665,417
1666,1666,417
1667,1667,417
1668,1668,417
1669,1669,418
1670,1670,418
1671,1671,418
1672,1672,418
1673,1673,419
1674,1674,419
1675,1675,419
1676,1676,419
1677,1677,420
1678,1678,420
1679,1679,420
1680,1680,420
1681,1681,421
1682,1682,421
1683,1683,421
1684,1684,421
1685,1685,422
1686,1686,422
1687,1687,422
1688,1688,422
1689,1689,423
1690,1690,423
1691,1691,423
1692,1692,423
1693,1693,424
1694,1694,424
1695,1695,424
1696,1696,424
1697,1697,425
1698,1698,425
1699,1699,425
1700,1700,425
1701,1701,426
1702,1702,426
1703,1703,426
1704,1704,426
1705,1705,427
1706,1706,427
1707,1707,427
1708,1708,427
1709,1709,428
1710,1710,428
1711,1711,428
1712,1712,428
1713,1713,429
1714,1714,429
1715,1715,429
1716,1716,429
1717,1717,430
1718,1718,430
1719,1719,430
1720,1720,430
1721,1721,431
1722,1722,431
1723,1723,431
1724,1724,431
1725,1725,432
1726,1726,432
1727,1727,432
1728,1728,432
1729,1729,433
1730,1730,433
1731,1731,433
1732,1732,433
1733,1733,434
1734,1734,434
1735,1735,434
1736,1736,434
1737,1737,435
1738,1738,435
1739,1739,435
1740,1740,435
1741,1741,436
1742,1742,436
1743,1743,436
1744,1744,436
1745,1745,437
1746,1746,437
1747,1747,437
1748,1748,437
1749,1749,438
1750,1750,438
1751,1751,438
1752,1752,438
1753,1753,439
1754,1754,439
1755,1755,439
1756,1756,439
1757,1757,440
1758,1758,440
1759,1759,440
1760,1760,440
1761,1761,441
1762,1762,441
1763,1763,441
1764,1764,441
1765,1765,442
1766,1766,442
1767,1767,442
1768,1768,442
1769,1769,443
1770,1770,443
1771,1771,443
1772,1772,443
1773,1773,444
1774,1774,444
1775,1775,444
1776,1776,444
1777,1777,445
1778,1778,445
1779,1779,445
1780,1780,445
1781,1781,446
1782,1782,446
1783,1783,446
1784,1784,446
1785,1785,447
1786,1786,447
1787,1787,447
1788,1788,447
1789,1789,448
1790,1790,448
1791,1791,448
1792,1792,448
1793,1793,449
1794,1794,449
1795,1795,449
1796,1796,449
1797,1797,450
1798,1798,450
1799,1799,450
1800,1800,450
1801,1801,451
1802,1802,451
1803,1803,451
1804,1804,451
1805,1805,452
1806,1806,452
1807,1807,452
1808,1808,452
1809,1809,453
1810,1810,453
1811,1811,453
1812,1812,453
1813,1813,454
1814,1814,454
1815,1815,454
1816,1816,454
1817,1817,455
1818,1818,455
1819,1819,455
1820,1820,455
1821,1821,456
1822,1822,456
1823,1823,456
1824,1824,456
1825,1825,457
1826,1826,457
1827,1827,457
1828,1828,457
1829,1829,458
1830,1830,458
1831,1831,458
1832,1832,458
1833,1833,459
1834,1834,459
1835,1835,459
1836,1836,459
1837,1837,460
1838,1838,460
1839,1839,460
1840,1840,460
1841,1841,461
1842,1842,461
1843,1843,461
1844,1844,461
1845,1845,462
1846,1846,462
1847,1847,462
1848,1848,462
1849,1849,463
1850,1850,463
1851,1851,463
1852,1852,463
1853,1853,464
1854,1854,464
1855,1855,464
1856,1856,464
1857,1857,465
1858,1858,465
1859,1859,465
1860,1860,465
1861,1861,466
1862,1862,466
1863,1863,466
1864,1864,466
1865,1865,467
1866,1866,467
1867,1867,467
1868,1868,467
1869,1869,468
1870,1870,468
1871,1871,468
1872,1872,468
1873,1873,469
1874,1874,469
1875,1875,469
1876,1876,469
1877,1877,470
1878,1878,470
1879,1879,470
1880,1880,470
1881,1881,471
1882,1882,471
1883,1883,471
1884,1884,471
1885,1885,472
1886,1886,472
1887,1887,472
1888,1888,472
1889,1889,473
1890,1890,473
1891,1891,473
1892,1892,473
1893,1893,474
1894,1894,474
1895,1895,474
1896,1896,474
1897,1897,475
1898,1898,475
1899,1899,475
1900,1900,475
1901,1901,476
1902,1902,476
1903,1903,476
1904,1904,476
1905,1905,477
1906,1906,477
1907,1907,477
1908,1908,477
1909,1909,478
1910,1910,478
1911,1911,478
1912,1912,478
1913,1913,479
1914,1914,479
1915,1915,479
1916,1916,479
1917,1917,480
1918,1918,480
1919,1919,480
1920,1920,480
1921,1921,481
1922,1922,481
1923,1923,481
1924,1924,481
1925,1925,482
1926,1926,482
1927,1927,482
1928,1928,482
1929,1929,483
1930,1930,483
1931,1931,483
1932,1932,483
1933,1933,484
1934,1934,484
1935,1935,484
1936,1936,484
1937,1937,485
1938,1938,485
1939,1939,485
1940,1940,485
1941,1941,486
1942,1942,486
1943,1943,486
1944,1944,486
1945,1945,487
1946,1946,487
1947,1947,487
1948,1948,487
1949,1949,488
1950,1950,488
1951,1951,488
1952,1952,488
1953,1953,489
1954,1954,489
1955,1955,489
1956,1956,489
1957,1957,490
1958,1958,490
1959,1959,490
1960,1960,490
1961,1961,491
1962,1962,491
1963,1963,491
1964,1964,491
1965,1965,492
1966,1966,492
1967,1967,492
1968,1968,492
1969,1969,493
1970,1970,493
1971,1971,493
1972,1972,493
1973,1973,494
1974,1974,494
1975,1975,494
1976,1976,494
1977,1977,495
1978,1978,495
1979,1979,495
1980,1980,495
1981,1981,496
1982,1982,496
1983,1983,496
1984,1984,496
1985,1985,497
1986,1986,497
1987,1987,497
1988,1988,497
1989,1989,498
1990,1990,498
1991,1991,498
1992,1992,498
1993,1993,499
1994,1994,499
1995,1995,499
1996,1996,499
1997,1997,500
1998,1998,500
1999,1999,500
2000,2000,500
2001,2001,501
2002,2002,501
2003,2003,501
2004,2004,501
2005,2005,502
2006,2006,502
2007,2007,502
2008,2008,502
2009,2009,503
2010,2010,503
2011,2011,503
2012,2012,503
2013,2013,504
2014,2014,504
2015,2015,504
2016,2016,504
2017,2017,505
2018,2018,505
2019,2019,505
2020,2020,505
2021,2021,506
2022,2022,506
2023,2023,506
2024,2024,506
2025,2025,507
2026,2026,507
2027,2027,507
2028,2028,507
2029,2029,508
2030,2030,508
2031,2031,508
2032,2032,508
2033,2033,509
2034,2034,509
2035,2035,509
2036,2036,509
2037,2037,510
2038,2038,510
2039,2039,510
2040,2040,510
2041,2041,511
2042,2042,511
2043,2043,511
2044,2044,511
2045,2045,512
2046,2046,512
2047,2047,512
2048,2048,512
2049,2049,513
2050,2050,513
2051,2051,513
2052,2052,513
2053,2053,514
2054,2054,514
2055,2055,514
2056,2056,514
2057,2057,515
2058,2058,515
2059,2059,515
2060,2060,515
2061,2061,516
2062,2062,516
2063,2063,516
2064,2064,516
2065,2065,517
2066,2066,517
2067,2067,517
2068,2068,517
2069,2069,518
2070,2070,518
2071,2071,518
2072,2072,518
2073,2073,519
2074,2074,519
2075,2075,519
2076,2076,519
2077,2077,520
2078,2078,520
2079,2079,520
2080,2080,520
2081,2081,521
2082,2082,521
2083,2083,521
2084,2084,521
2085,2085,522
2086,2086,522
2087,2087,522
2088,2088,522
2089,2089,523
2090,2090,523
2091,2091,523
2092,2092,523
2093,2093,524
2094,2094,524
2095,2095,524
2096,2096,524
2097,2097,525
2098,2098,525
2099,2099,525
2100,2100,525
2101,2101,526
2102,2102,526
2103,2103,526
2104,2104,526
2105,2105,527
2106,2106,527
2107,2107,527
2108,2108,527
2109,2109,528
2110,2110,528
2111,2111,528
2112,2112,528
2113,2113,529
2114,2114,529
2115,2115,529
2116,2116,529
2117,2117,530
2118,2118,530
2119,2119,530
2120,2120,530
2121,2121,531
2122,2122,531
2123,2123,531
2124,2124,531
2125,2125,532
2126,2126,532
2127,2127,532
2128,2128,532
2129,2129,533
2130,2130,533
2131,2131,533
2132,2132,533
2133,2133,534
2134,2134,534
2135,2135,534
2136,2136,534
2137,2137,535
2138,2138,535
2139,2139,535
2140,2140,535
2141,2141,536
2142,2142,536
2143,2143,536
2144,2144,536
2145,2145,537
2146,2146,537
2147,2147,537
2148,2148,537
2149,2149,538
2150,2150,538
2151,2151,538
2152,2152,538
2153,2153,539
2154,2154,539
2155,2155,539
2156,2156,539
2157,2157,540
2158,2158,540
2159,2159,540
2160,2160,540
2161,2161,541
2162,2162,541
2163,2163,541
2164,2164,541
2165,2165,542
2166,2166,542
2167,2167,542
2168,2168,542
2169,2169,543
2170,2170,543
2171,2171,543
2172,2172,543
2173,2173,544
2174,2174,544
2175,2175,544
2176,2176,544
2177,2177,545
2178,2178,545
2179,2179,545
2180,2180,545
2181,2181,546
2182,2182,546
2183,2183,546
2184,2184,546
2185,2185,547
2186,2186,547
2187,2187,547
2188,2188,547
2189,2189,548
2190,2190,548
2191,2191,548
2192,2192,548
2193,2193,549
2194,2194,549
2195,2195,549
2196,2196,549
2197,2197,550
2198,2198,550
2199,2199,550
2200,2200,550
2201,2201,551
2202,2202,551
2203,2203,551
2204,2204,551
2205,2205,552
2206,2206,552
2207,2207,552
2208,2208,552
2209,2209,553
2210,2210,553
2211,2211,553
2212,2212,553
2213,2213,554
2214,2214,554
2215,2215,554
2216,2216,554
2217,2217,555
2218,2218,555
2219,2219,555
2220,2220,555
2221,2221,556
2222,2222,556
2223,2223,556
2224,2224,556
2225,2225,557
2226,2226,557
2227,2227,557
2228,2228,557
2229,2229,558
2230,2230,558
2231,2231,558
2232,2232,558
2233,2233,559
2234,2234,559
2235,2235,559
2236,2236,559
2237,2237,560
2238,2238,560
2239,2239,560
2240,2240,560
2241,2241,561
2242,2242,561
2243,2243,561
2244,2244,561
2245,2245,562
2246,2246,562
2247,2247,562
2248,2248,562
2249,2249,563
2250,2250,563
2251,2251,563
2252,2252,563
2253,2253,564
2254,2254,564
2255,2255,564
2256,2256,564
2257,2257,565
2258,2258,565
2259,2259,565
2260,2260,565
2261,2261,566
2262,2262,566
2263,2263,566
2264,2264,566
2265,2265,567
2266,2266,567
2267,2267,567
2268,2268,567
2269,2269,568
2270,2270,568
2271,2271,568
2272,2272,568
2273,2273,569
2274,2274,569
2275,2275,569
2276,2276,569
2277,2277,570
2278,2278,570
2279,2279,570
2280,2280,570
2281,2281,571
2282,2282,571
2283,2283,571
2284,2284,571
2285,2285,572
2286,2286,572
2287,2287,572
2288,2288,572
2289,2289,573
2290,2290,573
2291,2291,573
2292,2292,573
2293,2293,574
2294,2294,574
2295,2295,574
2296,2296,574
2297,2297,575
2298,2298,575
2299,2299,575
2300,2300,575
2301,2301,576
2302,2302,576
2303,2303,576
2304,2304,576
2305,2305,577
2306,2306,577
2307,2307,577
2308,2308,577
2309,2309,578
2310,2310,578
2311,2311,578
2312,2312,578
2313,2313,579
2314,2314,579
2315,2315,579
2316,2316,579
2317,2317,580
2318,2318,580
2319,2319,580
2320,2320,580
2321,2321,581
2322,2322,581
2323,2323,581
2324,2324,581
2325,2325,582
2326,2326,582
2327,2327,582
2328,2328,582
2329,2329,583
2330,2330,583
2331,2331,583
2332,2332,583
2333,2333,584
2334,2334,584
2335,2335,584
2336,2336,584
2337,2337,585
2338,2338,585
2339,2339,585
2340,2340,585
2341,2341,586
2342,2342,586
2343,2343,586
2344,2344,586
2345,2345,587
2346,2346,587
2347,2347,587
2348,2348,587
2349,2349,588
2350,2350,588
2351,2351,588
2352,2352,588
2353,2353,589
2354,2354,589
2355,2355,589
2356,2356,589
2357,2357,590
2358,2358,590
2359,2359,590
2360,2360,590
2361,2361,591
2362,2362,591
2363,2363,591
2364,2364,591
2365,2365,592
2366,2366,592
2367,2367,592
2368,2368,592
2369,2369,593
2370,2370,593
2371,2371,593
2372,2372,593
2373,2373,594
2374,2374,594
2375,2375,594
2376,2376,594
2377,2377,595
2378,2378,595
2379,2379,595
2380,2380,595
2381,2381,596
2382,2382,596
2383,2383,596
2384,2384,596
2385,2385,597
2386,2386,597
2387,2387,597
2388,2388,597
2389,2389,598
2390,2390,598
2391,2391,598
2392,2392,598
2393,2393,599
2394,2394,599
2395,2395,599
2396,2396,599
2397,2397,600
2398,2398,600
2399,2399,600
2400,2400,600
2401,2401,601
2402,2402,601
2403,2403,601
2404,2404,601
2405,2405,602
2406,2406,602
2407,2407,602
2408,2408,602
2409,2409,603
2410,2410,603
2411,2411,603
2412,2412,603
2413,2413,604
2414,2414,604
2415,2415,604
2416,2416,604
2417,2417,605
2418,2418,605
2419,2419,605
2420,2420,605
2421,2421,606
2422,2422,606
2423,2423,606
2424,2424,606
2425,2425,607
2426,2426,607
2427,2427,607
2428,2428,607
2429,2429,608
2430,2430,608
2431,2431,608
2432,2432,608
2433,2433,609
2434,2434,609
2435,2435,609
2436,2436,609
2437,2437,610
2438,2438,610
2439,2439,610
2440,2440,610
2441,2441,611
2442,2442,611
2443,2443,611
2444,2444,611
2445,2445,612
2446,2446,612
2447,2447,612
2448,2448,612
2449,2449,613
2450,2450,613
2451,2451,613
2452,2452,613
2453,2453,614
2454,2454,614
2455,2455,614
2456,2456,614
2457,2457,615
2458,2458,615
2459,2459,615
2460,2460,615
2461,2461,616
2462,2462,616
2463,2463,616
2464,2464,616
2465,2465,617
2466,2466,617
2467,2467,617
2468,2468,617
2469,2469,618
2470,2470,618
2471,2471,618
2472,2472,618
2473,2473,619
2474,2474,619
2475,2475,619
2476,2476,619
2477,2477,620
2478,2478,620
2479,2479,620
2480,2480,620
2481,2481,621
2482,2482,621
2483,2483,621
2484,2484,621
2485,2485,622
2486,2486,622
2487,2487,622
2488,2488,622
2489,2489,623
2490,2490,623
2491,2491,623
2492,2492,623
2493,2493,624
2494,2494,624
2495,2495,624
2496,2496,624
2497,2497,625
2498,2498,625
2499,2499,625
2500,2500,625
2501,2501,626
2502,2502,626
2503,2503,626
2504,2504,626
2505,2505,627
2506,2506,627
2507,2507,627
2508,2508,627
2509,2509,628
2510,2510,628
2511,2511,628
2512,2512,628
2513,2513,629
2514,2514,629
2515,2515,629
2516,2516,629
2517,2517,630
2518,2518,630
2519,2519,630
2520,2520,630
2521,2521,631
2522,2522,631
2523,2523,631
2524,2524,631
2525,2525,632
2526,2526,632
2527,2527,632
2528,2528,632
2529,2529,633
2530,2530,633
2531,2531,633
2532,2532,633
2533,2533,634
2534,2534,634
2535,2535,634
2536,2536,634
2537,2537,635
2538,2538,635
2539,2539,635
2540,2540,635
2541,2541,636
2542,2542,636
2543,2543,636
2544,2544,636
2545,2545,637
2546,2546,637
2547,2547,637
2548,2548,637
2549,2549,638
2550,2550,638
2551,2551,638
2552,2552,638
2553,2553,639
2554,2554,639
2555,2555,639
2556,2556,639
2557,2557,640
2558,2558,640
2559,2559,640
2560,2560,640
2561,2561,641
2562,2562,641
2563,2563,641
2564,2564,641
2565,2565,642
2566,2566,642
2567,2567,642
2568,2568,642
2569,2569,643
2570,2570,643
2571,2571,643
2572,2572,643
2573,2573,644
2574,2574,644
2575,2575,644
2576,2576,644
2577,2577,645
2578,2578,645
2579,2579,645
2580,2580,645
2581,2581,646
2582,2582,646
2583,2583,646
2584,2584,646
2585,2585,647
2586,2586,647
2587,2587,647
2588,2588,647
2589,2589,648
2590,2590,648
2591,2591,648
2592,2592,648
2593,2593,649
2594,2594,649
2595,2595,649
2596,2596,649
2597,2597,650
2598,2598,650
2599,2599,650
2600,2600,650
2601,2601,651
2602,2602,651
2603,2603,651
2604,2604,651
2605,2605,652
2606,2606,652
2607,2607,652
2608,2608,652
2609,2609,653
2610,2610,653
2611,2611,653
2612,2612,653
2613,2613,654
2614,2614,654
2615,2615,654
2616,2616,654
2617,2617,655
2618,2618,655
2619,2619,655
2620,2620,655
2621,2621,656
2622,2622,656
2623,2623,656
2624,2624,656
2625,2625,657
2626,2626,657
2627,2627,657
2628,2628,657
2629,2629,658
2630,2630,658
2631,2631,658
2632,2632,658
2633,2633,659
2634,2634,659
2635,2635,659
2636,2636,659
2637,2637,660
2638,2638,660
2639,2639,660
2640,2640,660
2641,2641,661
2642,2642,661
2643,2643,661
2644,2644,661
2645,2645,662
2646,2646,662
2647,2647,662
2648,2648,662
2649,2649,663
2650,2650,663
2651,2651,663
2652,2652,663
2653,2653,664
2654,2654,664
2655,2655,664
2656,2656,664
2657,2657,665
2658,2658,665
2659,2659,665
2660,2660,665
2661,2661,666
2662,2662,666
2663,2663,666
2664,2664,666
2665,2665,667
2666,2666,667
2667,2667,667
2668,2668,667
2669,2669,668
2670,2670,668
2671,2671,668
2672,2672,668
2673,2673,669
2674,2674,669
2675,2675,669
2676,2676,669
2677,2677,670
2678,2678,670
2679,2679,670
2680,2680,670
2681,2681,671
2682,2682,671
2683,2683,671
2684,2684,671
2685,2685,672
2686,2686,672
2687,2687,672
2688,2688,672
2689,2689,673
2690,2690,673
2691,2691,673
2692,2692,673
2693,2693,674
2694,2694,674
2695,2695,674
2696,2696,674
2697,2697,675
2698,2698,675
2699,2699,675
2700,2700,675
2701,2701,676
2702,2702,676
2703,2703,676
2704,2704,676
2705,2705,677
2706,2706,677
2707,2707,677
2708,2708,677
2709,2709,678
2710,2710,678
2711,2711,678
2712,2712,678
2713,2713,679
2714,2714,679
2715,2715,679
2716,2716,679
2717,2717,680
2718,2718,680
2719,2719,680
2720,2720,680
2721,2721,681
2722,2722,681
2723,2723,681
2724,2724,681
2725,2725,682
2726,2726,682
2727,2727,682
2728,2728,682
2729,2729,683
2730,2730,683
2731,2731,683
2732,2732,683
2733,2733,684
2734,2734,684
2735,2735,684
2736,2736,684
2737,2737,685
2738,2738,685
2739,2739,685
2740,2740,685
2741,2741,686
2742,2742,686
2743,2743,686
2744,2744,686
2745,2745,687
2746,2746,687
2747,2747,687
2748,2748,687
2749,2749,688
2750,2750,688
2751,2751,688
2752,2752,688
2753,2753,689
2754,2754,689
2755,2755,689
2756,2756,689
2757,2757,690
2758,2758,690
2759,2759,690
2760,2760,690
2761,2761,691
2762,2762,691
2763,2763,691
2764,2764,691
2765,2765,692
2766,2766,692
2767,2767,692
2768,2768,692
2769,2769,693
2770,2770,693
2771,2771,693
2772,2772,693
2773,2773,694
2774,2774,694
2775,2775,694
2776,2776,694
2777,2777,695
2778,2778,695
2779,2779,695
2780,2780,695
2781,2781,696
2782,2782,696
2783,2783,696
2784,2784,696
2785,2785,697
2786,2786,697
2787,2787,697
2788,2788,697
2789,2789,698
2790,2790,698
2791,2791,698
2792,2792,698
2793,2793,699
2794,2794,699
2795,2795,699
2796,2796,699
2797,2797,700
2798,2798,700
2799,2799,700
2800,2800,700
2801,2801,701
2802,2802,701
2803,2803,701
2804,2804,701
2805,2805,702
2806,2806,702
2807,2807,702
2808,2808,702
2809,2809,703
2810,2810,703
2811,2811,703
2812,2812,703
2813,2813,704
2814,2814,704
2815,2815,704
2816,2816,704
2817,2817,705
2818,2818,705
2819,2819,705
2820,2820,705
2821,2821,706
2822,2822,706
2823,2823,706
2824,2824,706
2825,2825,707
2826,2826,707
2827,2827,707
2828,2828,707
2829,2829,708
2830,2830,708
2831,2831,708
2832,2832,708
2833,2833,709
2834,2834,709
2835,2835,709
2836,2836,709
2837,2837,710
2838,2838,710
2839,2839,710
2840,2840,710
2841,2841,711
2842,2842,711
2843,2843,711
2844,2844,711
2845,2845,712
2846,2846,712
2847,2847,712
2848,2848,712
2849,2849,713
2850,2850,713
2851,2851,713
2852,2852,713
2853,2853,714
2854,2854,714
2855,2855,714
2856,2856,714
2857,2857,715
2858,2858,715
2859,2859,715
2860,2860,715
2861,2861,716
2862,2862,716
2863,2863,716
2864,2864,716
2865,2865,717
2866,2866,717
2867,2867,717
2868,2868,717
2869,2869,718
2870,2870,718
2871,2871,718
2872,2872,718
2873,2873,719
2874,2874,719
2875,2875,719
2876,2876,719
2877,2877,720
2878,2878,720
2879,2879,720
2880,2880,720
2881,2881,721
2882,2882,721
2883,2883,721
2884,2884,721
2885,2885,722
2886,2886,722
2887,2887,722
2888,2888,722
2889,2889,723
2890,2890,723
2891,2891,723
2892,2892,723
2893,2893,724
2894,2894,724
2895,2895,724
2896,2896,724
2897,2897,725
2898,2898,725
2899,2899,725
2900,2900,725
2901,2901,726
2902,2902,726
2903,2903,726
2904,2904,726
2905,2905,727
2906,2906,727
2907,2907,727
2908,2908,727
2909,2909,728
2910,2910,728
2911,2911,728
2912,2912,728
2913,2913,729
2914,2914,729
2915,2915,729
2916,2916,729
2917,2917,730
2918,2918,730
2919,2919,730
2920,2920,730
2921,2921,731
2922,2922,731
2923,2923,731
2924,2924,731
2925,2925,732
2926,2926,732
2927,2927,732
2928,2928,732
2929,2929,733
2930,2930,733
2931,2931,733
2932,2932,733
2933,2933,734
2934,2934,734
2935,2935,734
2936,2936,734
2937,2937,735
2938,2938,735
2939,2939,735
2940,2940,735
2941,2941,736
2942,2942,736
2943,2943,736
2944,2944,736
2945,2945,737
2946,2946,737
2947,2947,737
2948,2948,737
2949,2949,738
2950,2950,738
2951,2951,738
2952,2952,738
2953,2953,739
2954,2954,739
2955,2955,739
2956,2956,739
2957,2957,740
2958,2958,740
2959,2959,740
2960,2960,740
2961,2961,741
2962,2962,741
2963,2963,741
2964,2964,741
2965,2965,742
2966,2966,742
2967,2967,742
2968,2968,742
2969,2969,743
2970,2970,743
2971,2971,743
2972,2972,743
2973,2973,744
2974,2974,744
2975,2975,744
2976,2976,744
2977,2977,745
2978,2978,745
2979,2979,745
2980,2980,745
2981,2981,746
2982,2982,746
2983,2983,746
2984,2984,746
2985,2985,747
2986,2986,747
2987,2987,747
2988,2988,747
2989,2989,748
2990,2990,748
2991,2991,748
2992,2992,748
2993,2993,749
2994,2994,749
2995,2995,749
2996,2996,749
2997,2997,750
2998,2998,750
2999,2999,750
3000,3000,750
3001,3001,751
3002,3002,751
3003,3003,751
3004,3004,751
3005,3005,752
3006,3006,752
3007,3007,752
3008,3008,752
3009,3009,753
3010,3010,753
3011,3011,753
3012,3012,753
3013,3013,754
3014,3014,754
3015,3015,754
3016,3016,754
3017,3017,755
3018,3018,755
3019,3019,755
3020,3020,755
3021,3021,756
3022,3022,756
3023,3023,756
3024,3024,756
3025,3025,757
3026,3026,757
3027,3027,757
3028,3028,757
3029,3029,758
3030,3030,758
3031,3031,758
3032,3032,758
3033,3033,759
3034,3034,759
3035,3035,759
3036,3036,759
3037,3037,760
3038,3038,760
3039,3039,760
3040,3040,760
3041,3041,761
3042,3042,761
3043,3043,761
3044,3044,761
3045,3045,762
3046,3046,762
3047,3047,762
3048,3048,762
3049,3049,763
3050,3050,763
3051,3051,763
3052,3052,763
3053,3053,764
3054,3054,764
3055,3055,764
3056,3056,764
3057,3057,765
3058,3058,765
3059,3059,765
3060,3060,765
3061,3061,766
3062,3062,766
3063,3063,766
3064,3064,766
3065,3065,767
3066,3066,767
3067,3067,767
3068,3068,767
3069,3069,768
3070,3070,768
3071,3071,768
3072,3072,768
3073,3073,769
3074,3074,769
3075,3075,769
3076,3076,769
3077,3077,770
3078,3078,770
3079,3079,770
3080,3080,770
3081,3081,771
3082,3082,771
3083,3083,771
3084,3084,771
3085,3085,772
3086,3086,772
3087,3087,772
3088,3088,772
3089,3089,773
3090,3090,773
3091,3091,773
3092,3092,773
3093,3093,774
3094,3094,774
3095,3095,774
3096,3096,774
3097,3097,775
3098,3098,775
3099,3099,775
3100,3100,775
3101,3101,776
3102,3102,776
3103,3103,776
3104,3104,776
3105,3105,777
3106,3106,777
3107,3107,777
3108,3108,777
3109,3109,778
3110,3110,778
3111,3111,778
3112,3112,778
3113,3113,779
3114,3114,779
3115,3115,779
3116,3116,779
3117,3117,780
3118,3118,780
3119,3119,780
3120,3120,780
3121,3121,781
3122,3122,781
3123,3123,781
3124,3124,781
3125,3125,782
3126,3126,782
3127,3127,782
3128,3128,782
3129,3129,783
3130,3130,783
3131,3131,783
3132,3132,783
3133,3133,784
3134,3134,784
3135,3135,784
3136,3136,784
3137,3137,785
3138,3138,785
3139,3139,785
3140,3140,785
3141,3141,786
3142,3142,786
3143,3143,786
3144,3144,786
3145,3145,787
3146,3146,787
3147,3147,787
3148,3148,787
3149,3149,788
3150,3150,788
3151,3151,788
3152,3152,788
3153,3153,789
3154,3154,789
3155,3155,789
3156,3156,789
3157,3157,790
3158,3158,790
3159,3159,790
3160,3160,790
3161,3161,791
3162,3162,791
3163,3163,791
3164,3164,791
3165,3165,792
3166,3166,792
3167,3167,792
3168,3168,792
3169,3169,793
3170,3170,793
3171,3171,793
3172,3172,793
3173,3173,794
3174,3174,794
3175,3175,794
3176,3176,794
3177,3177,795
3178,3178,795
3179,3179,795
3180,3180,795
3181,3181,796
3182,3182,796
3183,3183,796
3184,3184,796
3185,3185,797
3186,3186,797
3187,3187,797
3188,3188,797
3189,3189,798
3190,3190,798
3191,3191,798
3192,3192,798
3193,3193,799
3194,3194,799
3195,3195,799
3196,3196,799
3197,3197,800
3198,3198,800
3199,3199,800
3200,3200,800
3201,3201,801
3202,3202,801
3203,3203,801
3204,3204,801
3205,3205,802
3206,3206,802
3207,3207,802
3208,3208,802
3209,3209,803
3210,3210,803
3211,3211,803
3212,3212,803
3213,3213,804
3214,3214,804
3215,3215,804
3216,3216,804
3217,3217,805
3218,3218,805
3219,3219,805
3220,3220,805
3221,3221,806
3222,3222,806
3223,3223,806
3224,3224,806
3225,3225,807
3226,3226,807
3227,3227,807
3228,3228,807
3229,3229,808
3230,3230,808
3231,3231,808
3232,3232,808
3233,3233,809
3234,3234,809
3235,3235,809
3236,3236,809
3237,3237,810
3238,3238,810
3239,3239,810
3240,3240,810
3241,3241,811
3242,3242,811
3243,3243,811
3244,3244,811
3245,3245,812
3246,3246,812
3247,3247,812
3248,3248,812
3249,3249,813
3250,3250,813
3251,3251,813
3252,3252,813
3253,3253,814
3254,3254,814
3255,3255,814
3256,3256,814
3257,3257,815
3258,3258,815
3259,3259,815
3260,3260,815
3261,3261,816
3262,3262,816
3263,3263,816
3264,3264,816
3265,3265,817
3266,3266,817
3267,3267,817
3268,3268,817
3269,3269,818
3270,3270,818
3271,3271,818
3272,3272,818
3273,3273,819
3274,3274,819
3275,3275,819
3276,3276,819
3277,3277,820
3278,3278,820
3279,3279,820
3280,3280,820
3281,3281,821
3282,3282,821
3283,3283,821
3284,3284,821
3285,3285,822
3286,3286,822
3287,3287,822
3288,3288,822
3289,3289,823
3290,3290,823
3291,3291,823
3292,3292,823
3293,3293,824
3294,3294,824
3295,3295,824
3296,3296,824
3297,3297,825
3298,3298,825
3299,3299,825
3300,3300,825
3301,3301,826
3302,3302,826
3303,3303,826
3304,3304,826
3305,3305,827
3306,3306,827
3307,3307,827
3308,3308,827
3309,3309,828
3310,3310,828
3311,3311,828
3312,3312,828
3313,3313,829
3314,3314,829
3315,3315,829
3316,3316,829
3317,3317,830
3318,3318,830
3319,3319,830
3320,3320,830
3321,3321,831
3322,3322,831
3323,3323,831
3324,3324,831
3325,3325,832
3326,3326,832
3327,3327,832
3328,3328,832
3329,3329,833
3330,3330,833
3331,3331,833
3332,3332,833
3333,3333,834
3334,3334,834
3335,3335,834
3336,3336,834
3337,3337,835
3338,3338,835
3339,3339,835
3340,3340,835
3341,3341,836
3342,3342,836
3343,3343,836
3344,3344,836
3345,3345,837
3346,3346,837
3347,3347,837
3348,3348,837
3349,3349,838
3350,3350,838
3351,3351,838
3352,3352,838
3353,3353,839
3354,3354,839
3355,3355,839
3356,3356,839
3357,3357,840
3358,3358,840
3359,3359,840
3360,3360,840
3361,3361,841
3362,3362,841
3363,3363,841
3364,3364,841
3365,3365,842
3366,3366,842
3367,3367,842
3368,3368,842
3369,3369,843
3370,3370,843
3371,3371,843
3372,3372,843
3373,3373,844
3374,3374,844
3375,3375,844
3376,3376,844
3377,3377,845
3378,3378,845
3379,3379,845
3380,3380,845
3381,3381,846
3382,3382,846
3383,3383,846
3384,3384,846
3385,3385,847
3386,3386,847
3387,3387,847
3388,3388,847
3389,3389,848
3390,3390,848
3391,3391,848
3392,3392,848
3393,3393,849
3394,3394,849
3395,3395,849
3396,3396,849
3397,3397,850
3398,3398,850
3399,3399,850
3400,3400,850
3401,3401,851
3402,3402,851
3403,3403,851
3404,3404,851
3405,3405,852
3406,3406,852
3407,3407,852
3408,3408,852
3409,3409,853
3410,3410,853
3411,3411,853
3412,3412,853
3413,3413,854
3414,3414,854
3415,3415,854
3416,3416,854
3417,3417,855
3418,3418,855
3419,3419,855
3420,3420,855
3421,3421,856
3422,3422,856
3423,3423,856
3424,3424,856
3425,3425,857
3426,3426,857
3427,3427,857
3428,3428,857
3429,3429,858
3430,3430,858
3431,3431,858
3432,3432,858
3433,3433,859
3434,3434,859
3435,3435,859
3436,3436,859
3437,3437,860
3438,3438,860
3439,3439,860
3440,3440,860
3441,3441,861
3442,3442,861
3443,3443,861
3444,3444,861
3445,3445,862
3446,3446,862
3447,3447,862
3448,3448,862
3449,3449,863
3450,3450,863
3451,3451,863
3452,3452,863
3453,3453,864
3454,3454,864
3455,3455,864
3456,3456,864
3457,3457,865
3458,3458,865
3459,3459,865
3460,3460,865
3461,3461,866
3462,3462,866
3463,3463,866
3464,3464,866
3465,3465,867
3466,3466,867
3467,3467,867
3468,3468,867
3469,3469,868
3470,3470,868
3471,3471,868
3472,3472,868
3473,3473,869
3474,3474,869
3475,3475,869
3476,3476,869
3477,3477,870
3478,3478,870
3479,3479,870
3480,3480,870
3481,3481,871
3482,3482,871
3483,3483,871
3484,3484,871
3485,3485,872
3486,3486,872
3487,3487,872
3488,3488,872
3489,3489,873
3490,3490,873
3491,3491,873
3492,3492,873
3493,3493,874
3494,3494,874
3495,3495,874
3496,3496,874
3497,3497,875
3498,3498,875
3499,3499,875
3500,3500,875
3501,3501,876
3502,3502,876
3503,3503,876
3504,3504,876
3505,3505,877
3506,3506,877
3507,3507,877
3508,3508,877
3509,3509,878
3510,3510,878
3511,3511,878
3512,3512,878
3513,3513,879
3514,3514,879
3515,3515,879
3516,3516,879
3517,3517,880
3518,3518,880
3519,3519,880
3520,3520,880
3521,3521,881
3522,3522,881
3523,3523,881
3524,3524,881
3525,3525,882
3526,3526,882
3527,3527,882
3528,3528,882
3529,3529,883
3530,3530,883
3531,3531,883
3532,3532,883
3533,3533,884
3534,3534,884
3535,3535,884
3536,3536,884
3537,3537,885
3538,3538,885
3539,3539,885
3540,3540,885
3541,3541,886
3542,3542,886
3543,3543,886
3544,3544,886
3545,3545,887
3546,3546,887
3547,3547,887
3548,3548,887
3549,3549,888
3550,3550,888
3551,3551,888
3552,3552,888
3553,3553,889
3554,3554,889
3555,3555,889
3556,3556,889
3557,3557,890
3558,3558,890
3559,3559,890
3560,3560,890
3561,3561,891
3562,3562,891
3563,3563,891
3564,3564,891
3565,3565,892
3566,3566,892
3567,3567,892
3568,3568,892
3569,3569,893
3570,3570,893
3571,3571,893
3572,3572,893
3573,3573,894
3574,3574,894
3575,3575,894
3576,3576,894
3577,3577,895
3578,3578,895
3579,3579,895
3580,3580,895
3581,3581,896
3582,3582,896
3583,3583,896
3584,3584,896
3585,3585,897
3586,3586,897
3587,3587,897
3588,3588,897
3589,3589,898
3590,3590,898
3591,3591,898
3592,3592,898
3593,3593,899
3594,3594,899
3595,3595,899
3596,3596,899
3597,3597,900
3598,3598,900
3599,3599,900
3600,3600,900
3601,3601,901
3602,3602,901
3603,3603,901
3604,3604,901
3605,3605,902
3606,3606,902
3607,3607,902
3608,3608,902
3609,3609,903
3610,3610,903
3611,3611,903
3612,3612,903
3613,3613,904
3614,3614,904
3615,3615,904
3616,3616,904
3617,3617,905
3618,3618,905
3619,3619,905
3620,3620,905
3621,3621,906
3622,3622,906
3623,3623,906
3624,3624,906
3625,3625,907
3626,3626,907
3627,3627,907
3628,3628,907
3629,3629,908
3630,3630,908
3631,3631,908
3632,3632,908
3633,3633,909
3634,3634,909
3635,3635,909
3636,3636,909
3637,3637,910
3638,3638,910
3639,3639,910
3640,3640,910
3641,3641,911
3642,3642,911
3643,3643,911
3644,3644,911
3645,3645,912
3646,3646,912
3647,3647,912
3648,3648,912
3649,3649,913
3650,3650,913
3651,3651,913
3652,3652,913
3653,3653,914
3654,3654,914
3655,3655,914
3656,3656,914
3657,3657,915
3658,3658,915
3659,3659,915
3660,3660,915
3661,3661,916
3662,3662,916
3663,3663,916
3664,3664,916
3665,3665,917
3666,3666,917
3667,3667,917
3668,3668,917
3669,3669,918
3670,3670,918
3671,3671,918
3672,3672,918
3673,3673,919
3674,3674,919
3675,3675,919
3676,3676,919
3677,3677,920
3678,3678,920
3679,3679,920
3680,3680,920
3681,3681,921
3682,3682,921
3683,3683,921
3684,3684,921
3685,3685,922
3686,3686,922
3687,3687,922
3688,3688,922
3689,3689,923
3690,3690,923
3691,3691,923
3692,3692,923
3693,3693,924
3694,3694,924
3695,3695,924
3696,3696,924
3697,3697,925
3698,3698,925
3699,3699,925
3700,3700,925
3701,3701,926
3702,3702,926
3703,3703,926
3704,3704,926
3705,3705,927
3706,3706,927
3707,3707,927
3708,3708,927
3709,3709,928
3710,3710,928
3711,3711,928
3712,3712,928
3713,3713,929
3714,3714,929
3715,3715,929
3716,3716,929
3717,3717,930
3718,3718,930
3719,3719,930
3720,3720,930
3721,3721,931
3722,3722,931
3723,3723,931
3724,3724,931
3725,3725,932
3726,3726,932
3727,3727,932
3728,3728,932
3729,3729,933
3730,3730,933
3731,3731,933
3732,3732,933
3733,3733,934
3734,3734,934
3735,3735,934
3736,3736,934
3737,3737,935
3738,3738,935
3739,3739,935
3740,3740,935
3741,3741,936
3742,3742,936
3743,3743,936
3744,3744,936
3745,3745,937
3746,3746,937
3747,3747,937
3748,3748,937
3749,3749,938
3750,3750,938
3751,3751,938
3752,3752,938
3753,3753,939
3754,3754,939
3755,3755,939
3756,3756,939
3757,3757,940
3758,3758,940
3759,3759,940
3760,3760,940
3761,3761,941
3762,3762,941
3763,3763,941
3764,3764,941
3765,3765,942
3766,3766,942
3767,3767,942
3768,3768,942
3769,3769,943
3770,3770,943
3771,3771,943
3772,3772,943
3773,3773,944
3774,3774,944
3775,3775,944
3776,3776,944
3777,3777,945
3778,3778,945
3779,3779,945
3780,3780,945
3781,3781,946
3782,3782,946
3783,3783,946
3784,3784,946
3785,3785,947
3786,3786,947
3787,3787,947
3788,3788,947
3789,3789,948
3790,3790,948
3791,3791,948
3792,3792,948
3793,3793,949
3794,3794,949
3795,3795,949
3796,3796,949
3797,3797,950
3798,3798,950
3799,3799,950
3800,3800,950
3801,3801,951
3802,3802,951
3803,3803,951
3804,3804,951
